货件单号,货件名称,货件状态,创建时间,更新时间,MSKU,申报量,签收量,收件人,物流中心编码,收件邮编,收件国家,收件州/省,收件城市,收件街道地址,收件门牌号
FBA15KS3Q60G,RP250828003,CLOSED,2025-08-29 17:55,2025-11-15 03:09,MS-D22-2-4,6,6,Amazon EU SARL (UK),BHX4,CV5 9PF,Great Britain (United Kingdom; England),West Midlands,Coventry,"Plot 1, Lyons Park,",
,,,,,MS-D22-25-5,5,5,,,,,,,,
,,,,,MS-D22-5-5,10,10,,,,,,,,
,,,,,MS-D22-6-5,8,8,,,,,,,,
,,,,,MSUK-D63-209-3,4,4,,,,,,,,
,,,,,MSUK-D63-209-4,4,4,,,,,,,,
,,,,,MSUK-D70-2-2,30,30,,,,,,,,
,,,,,MSUK-D70-2-3,20,20,,,,,,,,
,,,,,MSUK-D70-2-4,40,40,,,,,,,,
,,,,,MSUK-D70-2-5,37,37,,,,,,,,
,,,,,MSUK-D70-2-6,20,20,,,,,,,,
,,,,,MSUK-D70-5-2,85,85,,,,,,,,
,,,,,MSUK-D70-5-3,92,92,,,,,,,,
,,,,,MSUK-D70-5-4,125,125,,,,,,,,
,,,,,MSUK-D70-5-5,70,70,,,,,,,,
,,,,,MSUK-D70-5-6,50,50,,,,,,,,
,,,,,MSUK-D70-6-3,20,20,,,,,,,,
,,,,,MSUK-D70-6-5,14,14,,,,,,,,
,,,,,MSUK-D70-6-6,16,16,,,,,,,,
,,,,,MSUK-D72-20-5,4,4,,,,,,,,
,,,,,MSUK-D74-2-3,10,10,,,,,,,,
,,,,,MSUK-D74-5-5,4,4,,,,,,,,
,,,,,MSUK-D75-2-2,10,10,,,,,,,,
,,,,,MSUK-D75-2-3,12,12,,,,,,,,
,,,,,MSUK-D75-2-4,6,6,,,,,,,,
,,,,,MSUK-D75-20-2,8,8,,,,,,,,
,,,,,MSUK-D75-206-2,8,8,,,,,,,,
,,,,,MSUK-D75-206-3,5,5,,,,,,,,
,,,,,MSUK-D75-206-5,4,4,,,,,,,,
,,,,,MSUK-D75-208-3,4,4,,,,,,,,
,,,,,MSUK-D75-268-2,4,4,,,,,,,,
,,,,,MSUK-D75-268-3,8,8,,,,,,,,
FBA15KS2JHM3,RP250828002,CLOSED,2025-08-29 15:33,2025-09-25 22:09,MS-D22-2-4,7,7,Amazon EU SARL (UK),BHX4,CV5 9PF,Great Britain (United Kingdom; England),West Midlands,Coventry,"Plot 1, Lyons Park,",
,,,,,MS-D22-6-5,8,8,,,,,,,,
,,,,,MSUK-D74-2-3,12,12,,,,,,,,
,,,,,MSUK-D75-2-2,8,8,,,,,,,,
,,,,,MSUK-D75-2-3,12,12,,,,,,,,
,,,,,MSUK-D75-20-2,12,12,,,,,,,,
,,,,,MSUK-D75-20-5,2,2,,,,,,,,
,,,,,MSUK-D75-206-2,14,14,,,,,,,,
,,,,,MSUK-D75-268-3,12,12,,,,,,,,
,,,,,MSUK-D75-268-4,8,8,,,,,,,,
,,,,,MSUK-D75-268-5,6,6,,,,,,,,
FBA15KQDHXLS,RP250813002,CLOSED,2025-08-15 11:48,2026-01-27 14:00,MS-D06-234-5,4,4,Amazon UK Services Ltd. LBA4_IP9 Amazon,LBA4,DN11 0GU,Great Britain (United Kingdom; England),DONCASTER,New Rossington,Unit IP9 Toronto Way,
,,,,,MS-D22-0-3,4,4,,,,,,,,
,,,,,MS-D22-2-2,8,8,,,,,,,,
,,,,,MS-D22-5-3,8,8,,,,,,,,
,,,,,MS-D22-506-3,10,10,,,,,,,,
,,,,,MSUK-D25-209-3,8,8,,,,,,,,
,,,,,MSUK-D25-8-3,4,4,,,,,,,,
,,,,,MSUK-D47-5-6,10,10,,,,,,,,
,,,,,MSUK-D63-209-3,8,8,,,,,,,,
,,,,,MSUK-D70-2-2,10,10,,,,,,,,
,,,,,MSUK-D70-2-3,30,30,,,,,,,,
,,,,,MSUK-D70-2-4,55,55,,,,,,,,
,,,,,MSUK-D70-2-5,40,40,,,,,,,,
,,,,,MSUK-D70-5-4,130,130,,,,,,,,
,,,,,MSUK-D70-5-6,40,40,,,,,,,,
,,,,,MSUK-D70-6-2,40,40,,,,,,,,
,,,,,MSUK-D70-6-3,70,70,,,,,,,,
,,,,,MSUK-D70-6-5,55,55,,,,,,,,
,,,,,MSUK-D70-7-2,6,6,,,,,,,,
,,,,,MSUK-D70-7-3,14,14,,,,,,,,
,,,,,MSUK-D70-7-6,10,10,,,,,,,,
,,,,,MSUK-D74-2-6,2,1,,,,,,,,
,,,,,MSUK-D75-2-3,14,15,,,,,,,,
FBA15KQ9WG61,RP250813001,CLOSED,2025-08-14 18:40,2025-10-14 00:00,MS-D06-234-5,4,4,Amazon EU SARL (UK),BHX4,CV5 9PF,Great Britain (United Kingdom; England),West Midlands,Coventry,"Plot 1, Lyons Park,",
,,,,,MS-D22-0-3,6,6,,,,,,,,
,,,,,MS-D23-216-5,5,5,,,,,,,,
,,,,,MSUK-D25-209-3,12,12,,,,,,,,
,,,,,MSUK-D25-8-4,7,7,,,,,,,,
,,,,,MSUK-D63-206-5,4,4,,,,,,,,
,,,,,MSUK-D70-2-3,45,45,,,,,,,,
,,,,,MSUK-D70-2-4,35,35,,,,,,,,
,,,,,MSUK-D70-5-4,85,85,,,,,,,,
,,,,,MSUK-D70-5-6,30,30,,,,,,,,
,,,,,MSUK-D70-6-2,60,60,,,,,,,,
,,,,,MSUK-D70-6-3,70,70,,,,,,,,
,,,,,MSUK-D70-6-5,65,65,,,,,,,,
,,,,,MSUK-D70-7-2,30,30,,,,,,,,
,,,,,MSUK-D70-7-3,30,30,,,,,,,,
,,,,,MSUK-D74-2-6,8,8,,,,,,,,
FBA15KL5S53S,RP250711004,CLOSED,2025-07-14 18:46,2025-09-13 06:48,MS-D22-2-5,25,25,Amazon EU SARL (UK),BHX4,CV5 9PF,Great Britain (United Kingdom; England),West Midlands,Coventry,"Plot 1, Lyons Park,",
,,,,,MS-D22-205-4,10,10,,,,,,,,
,,,,,MS-D22-25-5,20,20,,,,,,,,
,,,,,MS-D22-5-5,35,35,,,,,,,,
,,,,,MS-D22-506-5,10,10,,,,,,,,
,,,,,MS-D22-6-3,10,10,,,,,,,,
,,,,,MS-D22-6-5,15,15,,,,,,,,
,,,,,MSUK-D47-5-5,14,14,,,,,,,,
,,,,,MSUK-D70-2-5,85,85,,,,,,,,
,,,,,MSUK-D70-5-4,120,120,,,,,,,,
,,,,,MSUK-D70-5-5,220,220,,,,,,,,
,,,,,MSUK-D70-6-3,50,50,,,,,,,,
,,,,,MSUK-D70-6-4,134,134,,,,,,,,
,,,,,MSUK-D70-6-6,45,45,,,,,,,,
,,,,,MSUK-D70-7-3,20,20,,,,,,,,
,,,,,MSUK-D71-2-2,20,20,,,,,,,,
,,,,,MSUK-D71-2-3,12,12,,,,,,,,
FBA15KKMD380,RP250707003,CLOSED,2025-07-09 18:04,2025-12-06 05:00,MS-D06-2-2-,10,10,Amazon EU SARL (UK),BHX4,CV5 9PF,Great Britain (United Kingdom; England),West Midlands,Coventry,"Plot 1, Lyons Park,",
,,,,,MS-D06-2-3-,10,10,,,,,,,,
,,,,,MS-D06-2-4-,20,20,,,,,,,,
,,,,,MS-D06-2-5-,10,10,,,,,,,,
,,,,,MS-D06-20-4,10,10,,,,,,,,
,,,,,MS-D06-20-5,10,10,,,,,,,,
,,,,,MS-D06-206-3,10,10,,,,,,,,
,,,,,MS-D06-209-3,20,20,,,,,,,,
,,,,,MS-D06-209-4,10,10,,,,,,,,
,,,,,MS-D06-234-2,4,4,,,,,,,,
,,,,,MS-D06-234-4,6,6,,,,,,,,
,,,,,MS-D06-234-5,6,6,,,,,,,,
,,,,,MS-D06-348-2,4,4,,,,,,,,
,,,,,MS-D06-348-3,4,4,,,,,,,,
,,,,,MS-D06-348-4,10,10,,,,,,,,
,,,,,MS-D06-348-5,6,6,,,,,,,,
,,,,,MS-D23-0-2,4,4,,,,,,,,
,,,,,MS-D23-1-2,4,4,,,,,,,,
,,,,,MS-D23-1-3,6,6,,,,,,,,
,,,,,MS-D23-1-5,6,6,,,,,,,,
,,,,,MS-D23-2-3,10,10,,,,,,,,
,,,,,MS-D23-8-3,10,10,,,,,,,,
,,,,,MS-D23-8-5,4,4,,,,,,,,
,,,,,MSUK-D42-2-2,8,8,,,,,,,,
,,,,,MSUK-D42-25-2,2,1,,,,,,,,
,,,,,MSUK-D42-256-3,6,6,,,,,,,,
,,,,,MSUK-D42-5-3,10,10,,,,,,,,
,,,,,MSUK-D42-5-4,10,10,,,,,,,,
,,,,,MSUK-D42-6-2,6,6,,,,,,,,
,,,,,MSUK-D70-2-5,75,75,,,,,,,,
,,,,,MSUK-D70-5-3,250,250,,,,,,,,
,,,,,MSUK-D70-5-4,200,199,,,,,,,,
,,,,,MSUK-D70-5-5,290,292,,,,,,,,
,,,,,MSUK-D70-6-4,100,100,,,,,,,,
,,,,,MSUK-D70-6-6,20,20,,,,,,,,
,,,,,MSUK-D70-7-3,20,20,,,,,,,,
,,,,,MSUK-D71-2-4,6,6,,,,,,,,
,,,,,MSUK-D72-20-3,10,10,,,,,,,,
,,,,,MSUK-D72-26-4,6,6,,,,,,,,
,,,,,MSUK-D72-26-5,6,6,,,,,,,,
,,,,,MSUK-D74-2-5,2,2,,,,,,,,
,,,,,MSUK-D74-5-4,6,6,,,,,,,,
,,,,,MSUK-D74-5-5,6,6,,,,,,,,
FBA15KJQQXJ5,RP250701004,CLOSED,2025-07-02 18:50,2025-09-13 06:48,MS-D06-2-4-,15,15,Amazon EU SARL (UK),BHX4,CV5 9PF,Great Britain (United Kingdom; England),West Midlands,Coventry,"Plot 1, Lyons Park,",
,,,,,MS-D22-2-2,13,13,,,,,,,,
,,,,,MS-D22-2-3,40,40,,,,,,,,
,,,,,MS-D22-2-5,22,22,,,,,,,,
,,,,,MS-D22-25-5,10,10,,,,,,,,
,,,,,MS-D22-506-5,4,4,,,,,,,,
,,,,,MS-D22-6-5,35,35,,,,,,,,
,,,,,MS-D23-1-5,6,6,,,,,,,,
,,,,,MS-D23-26-3,4,4,,,,,,,,
,,,,,MS-D23-8-3,8,8,,,,,,,,
,,,,,MSUK-D47-2-6,10,10,,,,,,,,
,,,,,MSUK-D47-6-2,10,10,,,,,,,,
,,,,,MSUK-D63-206-3,14,14,,,,,,,,
,,,,,MSUK-D63-209-5,17,17,,,,,,,,
,,,,,MSUK-D74-2-3,16,16,,,,,,,,
,,,,,MSUK-D74-2-4,6,6,,,,,,,,
,,,,,MSUK-D74-2-5,7,7,,,,,,,,
,,,,,MSUK-D74-2-6,5,5,,,,,,,,
,,,,,MSUK-D74-5-2,11,11,,,,,,,,
,,,,,MSUK-D74-5-3,34,34,,,,,,,,
,,,,,MSUK-D74-5-4,8,8,,,,,,,,
,,,,,MSUK-D74-5-5,8,8,,,,,,,,
,,,,,MSUK-D74-5-6,6,6,,,,,,,,
,,,,,MSUK-D74-6-3,45,45,,,,,,,,
,,,,,MSUK-D74-6-4,50,50,,,,,,,,
,,,,,MSUK-D74-6-5,29,29,,,,,,,,
,,,,,MSUK-D74-6-6,6,6,,,,,,,,
,,,,,MSUK-D75-2-2,15,15,,,,,,,,
,,,,,MSUK-D75-206-3,20,20,,,,,,,,
