"Includes Amazon Marketplace, Fulfillment by Amazon (FBA), and Amazon Webstore transactions"
"All amounts in CAD, unless specified"
"Definitions:"
"Sales tax collected: Includes sales tax collected from buyers for product sales, shipping, and gift wrap."
"Selling fees: Includes variable closing fees and referral fees."
"Other transaction fees: Includes shipping chargebacks and shipping holdbacks."
"Other: Includes non-order transaction amounts. For more details, see the ""Type"" and ""Description"" columns for each order ID."
"date/time","settlement id","type","order id","sku","description","quantity","marketplace","fulfillment","order city","order state","order postal","tax collection model","product sales","product sales tax","shipping credits","shipping credits tax","gift wrap credits","gift wrap credits tax","Regulatory fee","Tax on regulatory fee","promotional rebates","promotional rebates tax","marketplace withheld tax","selling fees","fba fees","other transaction fees","other","total"
"Oct 3, 2025 4:26:49 a.m. PDT","24622762091","Order","702-8000470-5187469","WNCA-D33-25-2","Lusait Wireless Strapless Bra for Women Silicone Removable Padded Bra Comfort Bandeau Tube Top Bra Black+Beige S","1","amazon.ca","Amazon","Oakville","Ontario","L6M 0N","Combined TCS+MTC","32.99","4.29","6.99","0","0","0","0","0","-6.99","0","-4.29","-5.61","-6.73","0","0","20.65"
"Oct 3, 2025 1:31:01 p.m. PDT","24622762091","Order","701-4456437-1091429","WNCA-D33-22-3","Lusait Wireless Strapless Bra for Women Silicone Removable Padded Bra Comfort Bandeau Tube Top Bra Black+Black M","1","amazon.ca","Amazon","Calgary","Alberta","T3M 1X","Combined TCS+MTC","19.99","1.00","0","0","0","0","0","0","0","0","-1.00","-2.00","-6.73","0","0","11.26"
"Oct 3, 2025 5:06:57 p.m. PDT","24622762091","Refund","701-8526310-2497030","WNCA-D33-2-2","Lusait Wireless Strapless Bra for Women Silicone Removable Padded Bra Comfort Bandeau Tube Top Bra Black S","1","amazon.ca","Amazon","Edmonton","Alberta","T6T 1L","Combined TCS+MTC","-19.99","-1.00","0","0","0","0","0","0","0","0","1.00","1.60","0","0","0","-18.39"
"Oct 4, 2025 1:48:58 a.m. PDT","24622762091","Order","701-5834512-0873057","WNCA-D33-2-6","Lusait Wireless Strapless Bra for Women Silicone Removable Padded Bra Comfort Bandeau Tube Top Bra Black 2XL","1","amazon.ca","Amazon","OTTAWA","Ontario","K0A2W","Combined TCS+MTC","19.99","2.60","0","0","0","0","0","0","0","0","-2.60","-2.00","-6.73","0","0","11.26"
"Oct 4, 2025 5:09:57 p.m. PDT","24622762091","FBA Inventory Fee","ZUJx0spgCc","","Fulfilment by Amazon removal order: disposal fee","","Amazon.ca","","","","","","0","0","0","0","0","0","0","0","0","0","0","0","0","0","-0.36","-0.36"
"Oct 5, 2025 12:23:33 a.m. PDT","24622762091","Fulfilment by Amazon customer return fee","702-2845100-5397041","X003R2BUDP","FBA Customer Return Per Unit Fee (Clothing & Shoes)","","Amazon.ca","","","","","","0","0","0","0","0","0","0","0","0","0","0","0","-4.45","0","0","-4.45"
"Oct 6, 2025 4:23:21 a.m. PDT","24622762091","Service Fee","","","Subscription","","Amazon.ca","","","","","","0","0","0","0","0","0","0","0","0","0","0","0","0","0","-19.50","-19.50"
"Oct 7, 2025 2:08:12 a.m. PDT","24622762091","FBA Inventory Fee","","","FBA storage fee","","Amazon.ca","","","","","","0","0","0","0","0","0","0","0","0","0","0","0","0","0","-30.17","-30.17"
"Oct 7, 2025 6:42:57 a.m. PDT","24622762091","Order","702-1134031-1245050","WNCA-D33-2-2","Lusait Wireless Strapless Bra for Women Silicone Removable Padded Bra Comfort Bandeau Tube Top Bra Black S","1","amazon.ca","Amazon","Etobicoke","Ontario","M9W 7E","Combined TCS+MTC","19.99","2.60","0","0","0","0","0","0","0","0","-2.60","-2.00","-6.36","0","0","11.63"
"Oct 7, 2025 2:10:09 p.m. PDT","24622762091","Fulfilment by Amazon customer return fee","701-0251432-0896237","X003RUT02P","FBA Customer Return Per Unit Fee (Clothing & Shoes)","","Amazon.ca","","","","","","0","0","0","0","0","0","0","0","0","0","0","0","-5.03","0","0","-5.03"
"Oct 8, 2025 3:25:43 p.m. PDT","24622762091","FBA Inventory Fee","701-0251432-0896237","","Fulfilment by Amazon removal order: disposal fee","","Amazon.ca","","","","","","0","0","0","0","0","0","0","0","0","0","0","0","0","0","-0.36","-0.36"
"Oct 8, 2025 11:16:15 p.m. PDT","24622762091","Adjustment","","WNCA-D33-25-2","FBA Inventory Reimbursement - General Adjustment","1","","","","","","","0","0","0","0","0","0","0","0","0","0","0","0","0","0","-20.25","-20.25"
"Oct 9, 2025 6:35:39 a.m. PDT","24622762091","Order","702-8857358-6355449","WNCA-D33-2-5","Lusait Wireless Strapless Bra for Women Silicone Removable Padded Bra Comfort Bandeau Tube Top Bra Black XL","1","amazon.ca","Amazon","Burton","New Brunswick","E2V 3K","Combined TCS+MTC","19.99","3.00","0","0","0","0","0","0","0","0","-3.00","-2.00","-7.40","0","0","10.59"
"Oct 10, 2025 9:06:14 a.m. PDT","24622762091","Order","702-9497441-4431421","WNCA-D33-22-3","Lusait Wireless Strapless Bra for Women Silicone Removable Padded Bra Comfort Bandeau Tube Top Bra Black+Black M","1","amazon.ca","Amazon","Hamilton","Ontario","L8V 1J","Combined TCS+MTC","19.99","2.60","0","0","0","0","0","0","0","0","-2.60","-2.00","-6.73","0","0","11.26"
"Oct 10, 2025 11:45:37 p.m. PDT","24622762091","Order","702-7767496-0789868","WNCA-D33-25-4","Lusait Wireless Strapless Bra for Women Silicone Removable Padded Bra Comfort Bandeau Tube Top Bra Black+Beige L","1","amazon.ca","Amazon","Notre-Dame-De-L'Ile-Perrot","Quebec","J7W 0W","Combined TCS+MTC","19.99","2.99","0","0","0","0","0","0","0","0","-2.99","-2.00","-7.23","0","0","10.76"
"Oct 11, 2025 2:51:58 a.m. PDT","24622762091","Order","701-2512624-1846638","WNCA-D33-6-4","Lusait Wireless Strapless Bra for Women Silicone Removable Padded Bra Comfort Bandeau Tube Top Bra White L","1","amazon.ca","Amazon","Stratton","Ontario","P0W 1N","Combined TCS+MTC","19.99","2.60","0","0","0","0","0","0","0","0","-2.60","-2.00","-6.73","0","0","11.26"
"Oct 11, 2025 9:49:24 a.m. PDT","24622762091","Order","702-9822643-8231438","WNCA-D33-25-2","Lusait Wireless Strapless Bra for Women Silicone Removable Padded Bra Comfort Bandeau Tube Top Bra Black+Beige S","1","amazon.ca","Amazon","Delta","British Columbia","V4C 4V","Combined TCS+MTC","32.99","3.96","0","0","0","0","0","0","0","0","-3.96","-5.61","-6.73","0","0","20.65"
"Oct 11, 2025 11:34:11 a.m. PDT","24622762091","Refund","701-7515690-2632237","WNCA-D33-25-5","Lusait Wireless Strapless Bra for Women Silicone Removable Padded Bra Comfort Bandeau Tube Top Bra Black+Beige XL","1","amazon.ca","Amazon","Newmarket","Ontario","L3Y5H","Combined TCS+MTC","-32.99","-4.29","-6.99","0","0","0","0","0","6.99","0","4.29","4.49","0","0","0","-28.50"
"Oct 11, 2025 10:20:01 p.m. PDT","24622762091","Fulfilment by Amazon customer return fee","701-8526310-2497030","X003R2BVUH","FBA Customer Return Per Unit Fee (Clothing & Shoes)","","Amazon.ca","","","","","","0","0","0","0","0","0","0","0","0","0","0","0","-4.45","0","0","-4.45"
"Oct 12, 2025 7:10:52 a.m. PDT","24622762091","Order","701-9335488-9691416","WNCA-D33-6-3","Lusait Wireless Strapless Bra for Women Silicone Removable Padded Bra Comfort Bandeau Tube Top Bra White M","1","amazon.ca","Amazon","Windsor","Ontario","N9E 2G","Combined TCS+MTC","19.99","2.60","0","0","0","0","0","0","0","0","-2.60","-2.00","-6.36","0","0","11.63"
"Oct 12, 2025 9:25:55 a.m. PDT","24622762091","Order","702-8090403-2879419","WNCA-D33-2-5","Lusait Wireless Strapless Bra for Women Silicone Removable Padded Bra Comfort Bandeau Tube Top Bra Black XL","1","amazon.ca","Amazon","Toronto","Ontario","M1T 3C","Combined TCS+MTC","19.99","2.60","0","0","0","0","0","0","0","0","-2.60","-2.00","-7.40","0","0","10.59"
"Oct 13, 2025 5:05:09 a.m. PDT","24725890491","Debt","","","amzn1.cam.v1.sgid.24622762091","","","","","","","","0","0","0","0","0","0","0","0","0","0","0","0","0","0","33.83","33.83"
"Oct 13, 2025 6:41:01 a.m. PDT","24725890491","Order","701-4645193-5022636","WNCA-D33-2-2","Lusait Wireless Strapless Bra for Women Silicone Removable Padded Bra Comfort Bandeau Tube Top Bra Black S","1","amazon.ca","Amazon","Toronto","Ontario","M5M 2G","Combined TCS+MTC","19.99","2.60","0","0","0","0","0","0","0","0","-2.60","-2.00","-6.36","0","0","11.63"
"Oct 14, 2025 9:52:30 p.m. PDT","24725890491","Order","702-5693293-0928269","WNCA-D33-5-6","Lusait Wireless Strapless Bra for Women Silicone Removable Padded Bra Comfort Bandeau Tube Top Bra Beige 2XL","1","amazon.ca","Amazon","Pilot Butte","Saskatchewan","S0G 3Z","Combined TCS+MTC","19.99","2.20","0","0","0","0","0","0","0","0","-2.20","-2.00","-6.73","0","0","11.26"
"Oct 15, 2025 1:34:57 a.m. PDT","24725890491","Refund","702-1823900-7524262","WNCA-D33-2-2","Lusait Wireless Strapless Bra for Women Silicone Removable Padded Bra Comfort Bandeau Tube Top Bra Black S","1","amazon.ca","Amazon","Edmonton","Alberta","T6W 0K","Combined TCS+MTC","-19.99","-1.00","0","0","0","0","0","0","0","0","1.00","1.60","0","0","0","-18.39"
"Oct 15, 2025 1:38:57 a.m. PDT","24725890491","Order","702-1823900-7524262","WNCA-D33-2-2","Lusait Wireless Strapless Bra for Women Silicone Removable Padded Bra Comfort Bandeau Tube Top Bra Black S","1","amazon.ca","Amazon","Edmonton","Alberta","T6W 0K","Combined TCS+MTC","19.99","1.00","0","0","0","0","0","0","0","0","-1.00","-2.00","-6.36","0","0","11.63"
"Oct 15, 2025 12:21:43 p.m. PDT","24725890491","Adjustment","","Amazon.Found.B0BYML779L","FBA Inventory Reimbursement - General Adjustment","1","","","","","","","0","0","0","0","0","0","0","0","0","0","0","0","0","0","-6.72","-6.72"
"Oct 15, 2025 4:19:52 p.m. PDT","24725890491","Adjustment","","WNCA-D33-25-3","FBA Inventory Reimbursement - Lost:Warehouse","1","","","","","","","0","0","0","0","0","0","0","0","0","0","0","0","0","0","9.57","9.57"
"Oct 15, 2025 7:06:32 p.m. PDT","24725890491","Refund","702-8090403-2879419","WNCA-D33-2-5","Lusait Wireless Strapless Bra for Women Silicone Removable Padded Bra Comfort Bandeau Tube Top Bra Black XL","1","amazon.ca","Amazon","Toronto","Ontario","M1T 3C","Combined TCS+MTC","-19.99","-2.60","0","0","0","0","0","0","0","0","2.60","1.60","0","0","0","-18.39"
"Oct 16, 2025 2:38:31 a.m. PDT","24725890491","Order","701-7044317-4248247","WNCA-D33-5-5","Lusait Wireless Strapless Bra for Women Silicone Removable Padded Bra Comfort Bandeau Tube Top Bra Beige XL","1","amazon.ca","Amazon","Concord","Ontario","L4K 0R","Combined TCS+MTC","19.99","2.60","3.19","0.41","0","0","0","0","0","0","-3.01","-2.00","-9.92","0","0","11.26"
"Oct 17, 2025 4:54:58 a.m. PDT","24725890491","Order","702-9181462-2056239","WNCA-D33-2-5","Lusait Wireless Strapless Bra for Women Silicone Removable Padded Bra Comfort Bandeau Tube Top Bra Black XL","1","amazon.ca","Amazon","Montreal","Quebec","H2C 2A","Combined TCS+MTC","19.99","2.99","0","0","0","0","0","0","0","0","-2.99","-2.00","-7.40","0","0","10.59"
"Oct 17, 2025 7:16:39 a.m. PDT","24725890491","Fulfilment by Amazon customer return fee","702-1823900-7524262","X003R2BVUH","FBA Customer Return Per Unit Fee (Clothing & Shoes)","","Amazon.ca","","","","","","0","0","0","0","0","0","0","0","0","0","0","0","-4.45","0","0","-4.45"
"Oct 17, 2025 3:43:45 p.m. PDT","24725890491","Adjustment","","Amazon.Found.B0BYM98WB9","FBA Inventory Reimbursement - General Adjustment","1","","","","","","","0","0","0","0","0","0","0","0","0","0","0","0","0","0","-11.26","-11.26"
"Oct 17, 2025 7:48:32 p.m. PDT","24725890491","Order","701-5893973-9289851","WNCA-D33-2-6","Lusait Wireless Strapless Bra for Women Silicone Removable Padded Bra Comfort Bandeau Tube Top Bra Black 2XL","1","amazon.ca","Amazon","Montreal-Nord","Québec","H1G 6L","Combined TCS+MTC","19.99","2.99","0","0","0","0","0","0","0","0","-2.99","-2.00","-6.73","0","0","11.26"
"Oct 18, 2025 2:31:54 a.m. PDT","24725890491","Fulfilment by Amazon customer return fee","702-8706647-4832262","X003R2D0U1","FBA Customer Return Per Unit Fee (Clothing & Shoes)","","Amazon.ca","","","","","","0","0","0","0","0","0","0","0","0","0","0","0","-4.87","0","0","-4.87"
"Oct 18, 2025 2:55:13 a.m. PDT","24725890491","Order","702-0149628-2353060","WNCA-D33-2-2","Lusait Wireless Strapless Bra for Women Silicone Removable Padded Bra Comfort Bandeau Tube Top Bra Black S","1","amazon.ca","Amazon","Kleinburg","Ontario","L4H 3Y","Combined TCS+MTC","19.99","2.60","0","0","0","0","0","0","0","0","-2.60","-2.00","-6.36","0","0","11.63"
"Oct 18, 2025 6:01:49 a.m. PDT","24725890491","Order","702-2424812-0161836","WNCA-D33-6-3","Lusait Wireless Strapless Bra for Women Silicone Removable Padded Bra Comfort Bandeau Tube Top Bra White M","1","amazon.ca","Amazon","Utopia","Ontario","L0M 1T","Combined TCS+MTC","19.99","2.60","0","0","0","0","0","0","0","0","-2.60","-2.00","-6.36","0","0","11.63"
"Oct 18, 2025 7:18:18 a.m. PDT","24725890491","Order","702-5835611-8924211","WNCA-D33-25-6","Lusait Wireless Strapless Bra for Women Silicone Removable Padded Bra Comfort Bandeau Tube Top Bra Black+Beige 2XL","1","amazon.ca","Amazon","Kanata","Ontario","K2M 3B","Combined TCS+MTC","32.99","4.29","0","0","0","0","0","0","0","0","-4.29","-5.61","-6.73","0","0","20.65"
"Oct 18, 2025 12:52:51 p.m. PDT","24725890491","FBA Inventory Fee","702-8706647-4832262","","Fulfilment by Amazon removal order: disposal fee","","Amazon.ca","","","","","","0","0","0","0","0","0","0","0","0","0","0","0","0","0","-0.39","-0.39"
"Oct 19, 2025 4:50:53 a.m. PDT","24725890491","FBA Inventory Fee","","","FBA Long-Term Storage Fee","","Amazon.ca","","","","","","0","0","0","0","0","0","0","0","0","0","0","0","0","0","-54.09","-54.09"
"Oct 19, 2025 6:02:25 a.m. PDT","24725890491","Refund","702-8706647-4832262","WNCA-D33-5-4","Lusait Wireless Strapless Bra for Women Silicone Removable Padded Bra Comfort Bandeau Tube Top Bra Beige L","1","amazon.ca","Amazon","Surrey","British Columbia","V3S 2L","Combined TCS+MTC","-19.99","-2.40","0","0","0","0","0","0","0","0","2.40","1.60","0","0","0","-18.39"
"Oct 19, 2025 6:23:24 a.m. PDT","24725890491","Order","701-0786556-2190607","WNCA-D33-6-3","Lusait Wireless Strapless Bra for Women Silicone Removable Padded Bra Comfort Bandeau Tube Top Bra White M","1","amazon.ca","Amazon","Surrey","British Columbia","V3Z 0L","Combined TCS+MTC","19.99","2.40","3.50","0","0","0","0","0","-3.50","0","-2.40","-2.00","-6.81","0","0","11.18"
"Oct 19, 2025 8:09:16 a.m. PDT","24725890491","Order","702-8706647-4832262","WNCA-D33-5-4","Lusait Wireless Strapless Bra for Women Silicone Removable Padded Bra Comfort Bandeau Tube Top Bra Beige L","1","amazon.ca","Amazon","Surrey","British Columbia","V3S 2L","Combined TCS+MTC","19.99","2.40","0","0","0","0","0","0","0","0","-2.40","-2.00","-7.20","0","0","10.79"
"Oct 19, 2025 8:57:59 a.m. PDT","24725890491","Order","701-4599654-6841026","WNCA-D33-25-4","Lusait Wireless Strapless Bra for Women Silicone Removable Padded Bra Comfort Bandeau Tube Top Bra Black+Beige L","1","amazon.ca","Amazon","Ingersoll","ON","N5C 4G","Combined TCS+MTC","19.99","2.60","0","0","0","0","0","0","0","0","-2.60","-2.00","-7.23","0","0","10.76"
"Oct 19, 2025 12:43:02 p.m. PDT","24725890491","Order","702-6853640-1240265","WNCA-D33-25-2","Lusait Wireless Strapless Bra for Women Silicone Removable Padded Bra Comfort Bandeau Tube Top Bra Black+Beige S","1","amazon.ca","Amazon","Kelowna","BC","V1W 5C","Combined TCS+MTC","32.99","3.96","2.61","0","0","0","0","0","-2.61","0","-3.96","-5.61","-6.73","0","0","20.65"
"Oct 19, 2025 11:41:30 p.m. PDT","24725890491","Order","701-7085573-0354660","WNCA-D33-2-5","Lusait Wireless Strapless Bra for Women Silicone Removable Padded Bra Comfort Bandeau Tube Top Bra Black XL","1","amazon.ca","Amazon","Pembroke","Ontario","K8A6W","Combined TCS+MTC","19.99","2.60","0","0","0","0","0","0","0","0","-2.60","-2.00","-7.40","0","0","10.59"
"Oct 22, 2025 12:48:09 a.m. PDT","24725890491","Order","701-7819646-5099433","WNCA-D33-22-2","Lusait Wireless Strapless Bra for Women Silicone Removable Padded Bra Comfort Bandeau Tube Top Bra Black+Black S","1","amazon.ca","Amazon","Contrecoeur","Quebec","J0L 1C","Combined TCS+MTC","19.99","2.99","0","0","0","0","0","0","0","0","-2.99","-2.00","-6.73","0","0","11.26"
"Oct 22, 2025 2:17:02 a.m. PDT","24725890491","Order","702-2667780-9337819","WNCA-D33-25-2","Lusait Wireless Strapless Bra for Women Silicone Removable Padded Bra Comfort Bandeau Tube Top Bra Black+Beige S","1","amazon.ca","Amazon","Waterloo","Ontario","N2K 4K","Combined TCS+MTC","32.99","4.29","6.99","0","0","0","0","0","-6.99","0","-4.29","-5.61","-6.73","0","0","20.65"
"Oct 22, 2025 4:13:10 a.m. PDT","24725890491","Order","702-8871199-7042648","WNCA-D33-6-4","Lusait Wireless Strapless Bra for Women Silicone Removable Padded Bra Comfort Bandeau Tube Top Bra White L","1","amazon.ca","Amazon","St-Gabriel-De-Brandon","Quebec","J0K 2N","Combined TCS+MTC","19.99","2.99","0","0","0","0","0","0","0","0","-2.99","-2.00","-6.73","0","0","11.26"
"Oct 22, 2025 6:58:45 a.m. PDT","24725890491","Order","702-9069015-5945824","WNCA-D33-6-3","Lusait Wireless Strapless Bra for Women Silicone Removable Padded Bra Comfort Bandeau Tube Top Bra White M","1","amazon.ca","Amazon","Chapais","Quebec","G0W 1H","Combined TCS+MTC","19.99","2.99","0","0","0","0","0","0","0","0","-2.99","-2.00","-6.36","0","0","11.63"
"Oct 22, 2025 8:59:44 a.m. PDT","24725890491","Order","702-3738267-9478663","WNCA-D33-5-2","Lusait Wireless Strapless Bra for Women Silicone Removable Padded Bra Comfort Bandeau Tube Top Bra Beige S","1","amazon.ca","Amazon","Morden","Manitoba","R6M 2C","Combined TCS+MTC","19.99","2.40","0","0","0","0","0","0","0","0","-2.40","-2.00","-6.36","0","0","11.63"
"Oct 23, 2025 3:57:46 a.m. PDT","24725890491","Order","702-4665837-0065021","WNCA-D33-25-4","Lusait Wireless Strapless Bra for Women Silicone Removable Padded Bra Comfort Bandeau Tube Top Bra Black+Beige L","1","amazon.ca","Amazon","Lac-Megantic","Quebec","G6B 1H","Combined TCS+MTC","19.99","2.99","0","0","0","0","0","0","0","0","-2.99","-2.00","-7.23","0","0","10.76"
"Oct 24, 2025 7:44:41 a.m. PDT","24725890491","Fulfilment by Amazon customer return fee","702-8090403-2879419","X003R2BU03","FBA Customer Return Per Unit Fee (Clothing & Shoes)","","Amazon.ca","","","","","","0","0","0","0","0","0","0","0","0","0","0","0","-5.15","0","0","-5.15"
"Oct 24, 2025 12:28:04 p.m. PDT","24725890491","Refund","702-7767496-0789868","WNCA-D33-25-4","Lusait Wireless Strapless Bra for Women Silicone Removable Padded Bra Comfort Bandeau Tube Top Bra Black+Beige L","1","amazon.ca","Amazon","Notre-Dame-De-L'Ile-Perrot","Quebec","J7W 0W","Combined TCS+MTC","-19.99","-2.99","0","0","0","0","0","0","0","0","2.99","1.60","0","0","0","-18.39"
"Oct 25, 2025 12:33:51 a.m. PDT","24725890491","Refund","702-9181462-2056239","WNCA-D33-2-5","Lusait Wireless Strapless Bra for Women Silicone Removable Padded Bra Comfort Bandeau Tube Top Bra Black XL","1","amazon.ca","Amazon","Montreal","Quebec","H2C 2A","Combined TCS+MTC","-19.99","-2.99","0","0","0","0","0","0","0","0","2.99","1.60","0","0","0","-18.39"
"Oct 25, 2025 12:44:44 a.m. PDT","24725890491","Order","701-2464468-7861803","WNCA-D33-2-2","Lusait Wireless Strapless Bra for Women Silicone Removable Padded Bra Comfort Bandeau Tube Top Bra Black S","1","amazon.ca","Amazon","Vaughan","Ontario","L4J 0E","Combined TCS+MTC","19.99","2.60","0","0","0","0","0","0","0","0","-2.60","-2.00","-6.74","0","0","11.25"
"Oct 25, 2025 3:19:37 a.m. PDT","24725890491","Order","702-9264507-3202625","WNCA-D33-2-2","Lusait Wireless Strapless Bra for Women Silicone Removable Padded Bra Comfort Bandeau Tube Top Bra Black S","1","amazon.ca","Amazon","Toronto","Ontario","M6P 0A","Combined TCS+MTC","19.99","2.60","0","0","0","0","0","0","0","0","-2.60","-2.00","-6.74","0","0","11.25"
"Oct 25, 2025 2:36:13 p.m. PDT","24725890491","Refund","702-2667780-9337819","WNCA-D33-25-2","Lusait Wireless Strapless Bra for Women Silicone Removable Padded Bra Comfort Bandeau Tube Top Bra Black+Beige S","1","amazon.ca","Amazon","Waterloo","Ontario","N2K 4K","Combined TCS+MTC","-32.99","-4.29","-6.99","0","0","0","0","0","6.99","0","4.29","4.49","0","0","0","-28.50"
"Oct 26, 2025 3:11:05 p.m. PDT","24725890491","FBA Inventory Fee","NPRz/SehSO","","Fulfilment by Amazon removal order: disposal fee","","Amazon.ca","","","","","","0","0","0","0","0","0","0","0","0","0","0","0","0","0","-0.36","-0.36"
"Oct 27, 2025 1:52:38 a.m. PDT","24725890491","Order","701-4734605-8544234","WNCA-D33-25-4","Lusait Wireless Strapless Bra for Women Silicone Removable Padded Bra Comfort Bandeau Tube Top Bra Black+Beige L","1","amazon.ca","Amazon","Ingersoll","ON","N5C 4G","Combined TCS+MTC","19.99","2.60","0","0","0","0","0","0","0","0","-2.60","-2.00","-7.65","0","0","10.34"
"Oct 27, 2025 11:54:18 p.m. PDT","24824982311","Order","701-0177720-9561028","WNCA-D33-2-5","Lusait Wireless Strapless Bra for Women Silicone Removable Padded Bra Comfort Bandeau Tube Top Bra Black XL","1","amazon.ca","Amazon","LaSalle","Ontario","N9J 3P","Combined TCS+MTC","19.99","2.60","0","0","0","0","0","0","0","0","-2.60","-2.00","-7.84","0","0","10.15"
"Oct 28, 2025 4:41:49 a.m. PDT","24824982311","Order","701-5595021-7101062","WNCA-D33-25-4","Lusait Wireless Strapless Bra for Women Silicone Removable Padded Bra Comfort Bandeau Tube Top Bra Black+Beige L","1","amazon.ca","Amazon","EDMONTON","AB","T6T2B","Combined TCS+MTC","19.99","1.00","3.49","0","0","0","0","0","-3.49","0","-1.00","-2.00","-7.65","0","0","10.34"
"Oct 28, 2025 4:55:04 a.m. PDT","24824982311","Transfer","","","To account ending with: 127","","","","","","","","0","0","0","0","0","0","0","0","0","0","0","0","0","0","-87.37","-87.37"
"Oct 29, 2025 3:45:22 a.m. PDT","24824982311","Order","702-0430063-8585822","WNCA-D33-5-4","Lusait Wireless Strapless Bra for Women Silicone Removable Padded Bra Comfort Bandeau Tube Top Bra Beige L","1","amazon.ca","Amazon","Caledonia","Ontario","N3W 2C","Combined TCS+MTC","19.99","2.60","0","0","0","0","0","0","0","0","-2.60","-2.00","-7.13","0","0","10.86"
"Oct 30, 2025 6:47:05 a.m. PDT","24824982311","Order","701-5334647-6456250","Amazon.Found.B0BYML779L","Lusait Wireless Strapless Bra for Women Silicone Removable Padded Bra Comfort Bandeau Tube Top Bra White XL","1","amazon.ca","Amazon","Ste-Marcelline","Québec","J0K2Y","Combined TCS+MTC","19.99","2.99","0","0","0","0","0","0","0","0","-2.99","-2.00","-7.13","0","0","10.86"
"Oct 30, 2025 8:50:19 a.m. PDT","24824982311","Order","701-5110366-9562646","WNCA-D33-2-5","Lusait Wireless Strapless Bra for Women Silicone Removable Padded Bra Comfort Bandeau Tube Top Bra Black XL","1","amazon.ca","Amazon","St. Albert","AB","T8N 7H","Combined TCS+MTC","19.99","1.00","0","0","0","0","0","0","0","0","-1.00","-2.00","-7.84","0","0","10.15"
"Oct 31, 2025 9:25:49 p.m. PDT","24824982311","Refund","702-8871199-7042648","WNCA-D33-6-4","Lusait Wireless Strapless Bra for Women Silicone Removable Padded Bra Comfort Bandeau Tube Top Bra White L","1","amazon.ca","Amazon","St-Gabriel-De-Brandon","Quebec","J0K 2N","Combined TCS+MTC","-19.99","-2.99","0","0","0","0","0","0","0","0","2.99","1.60","0","0","0","-18.39"
"Nov 1, 2025 4:57:09 a.m. PDT","24824982311","Order","701-9628291-1725827","WNCA-D33-2-6","Lusait Wireless Strapless Bra for Women Silicone Removable Padded Bra Comfort Bandeau Tube Top Bra Black 2XL","1","amazon.ca","Amazon","Burlington","Ontario","L7M 0J","Combined TCS+MTC","19.99","2.60","3.49","0","0","0","0","0","-3.49","0","-2.60","-2.00","-7.13","0","0","10.86"
"Nov 1, 2025 8:01:26 a.m. PDT","24824982311","Order","701-8351360-6277000","WNCA-D33-6-6","Lusait Wireless Strapless Bra for Women Silicone Removable Padded Bra Comfort Bandeau Tube Top Bra White 2XL","1","amazon.ca","Amazon","Brampton","Ontario","L6Y 4W","Combined TCS+MTC","19.99","2.60","0","0","0","0","0","0","0","0","-2.60","-2.00","-7.13","0","0","10.86"
"Nov 1, 2025 3:42:53 p.m. PDT","24824982311","Fulfilment by Amazon customer return fee","702-9181462-2056239","X003R2BU03","FBA Customer Return Per Unit Fee (Clothing & Shoes)","","Amazon.ca","","","","","","0","0","0","0","0","0","0","0","0","0","0","0","-5.15","0","0","-5.15"
"Nov 2, 2025 12:53:35 a.m. PDT","24824982311","Order","702-0073579-9513057","WNCA-D33-25-2","Lusait Wireless Strapless Bra for Women Silicone Removable Padded Bra Comfort Bandeau Tube Top Bra Black+Beige S","1","amazon.ca","Amazon","Woodbridge","Ontario","L4H 0E","Combined TCS+MTC","32.99","4.29","6.99","0","0","0","0","0","-6.99","0","-4.29","-5.61","-7.13","0","0","20.25"
"Nov 2, 2025 3:51:20 a.m. PST","24824982311","Order","702-9050022-6380210","WNCA-D33-25-2","Lusait Wireless Strapless Bra for Women Silicone Removable Padded Bra Comfort Bandeau Tube Top Bra Black+Beige S","1","amazon.ca","Amazon","Porters Lake","Nova Scotia","B3E 0C","Combined TCS+MTC","32.99","4.62","0","0","0","0","0","0","0","0","-4.62","-5.61","-7.13","0","0","20.25"
"Nov 3, 2025 1:08:15 a.m. PST","24824982311","Fulfilment by Amazon customer return fee","702-2667780-9337819","X003RUSPM1","FBA Customer Return Per Unit Fee (Clothing & Shoes)","","Amazon.ca","","","","","","0","0","0","0","0","0","0","0","0","0","0","0","-4.92","0","0","-4.92"
"Nov 3, 2025 3:31:53 a.m. PST","24824982311","Order","702-9336773-4237820","WNCA-D33-2-3","Lusait Wireless Strapless Bra for Women Silicone Removable Padded Bra Comfort Bandeau Tube Top Bra Black M","1","amazon.ca","Amazon","devon","ab","T9G 1N","Combined TCS+MTC","19.99","1.00","0","0","0","0","0","0","0","0","-1.00","-2.00","-7.13","0","0","10.86"
"Nov 3, 2025 9:10:57 p.m. PST","24824982311","Fulfilment by Amazon customer return fee","702-7767496-0789868","X003RUT02P","FBA Customer Return Per Unit Fee (Clothing & Shoes)","","Amazon.ca","","","","","","0","0","0","0","0","0","0","0","0","0","0","0","-5.03","0","0","-5.03"
"Nov 4, 2025 6:28:29 a.m. PST","24824982311","Order","701-7139955-0132200","WNCA-D33-2-2","Lusait Wireless Strapless Bra for Women Silicone Removable Padded Bra Comfort Bandeau Tube Top Bra Black S","1","amazon.ca","Amazon","Kelowna","British Columbia","V1X 7H","Combined TCS+MTC","19.99","2.40","5.90","0","0","0","0","0","-5.90","0","-2.40","-2.00","-6.74","0","0","11.25"
"Nov 4, 2025 6:37:08 a.m. PST","24824982311","Refund","702-5501693-9799468","WNCA-D33-25-6","Lusait Wireless Strapless Bra for Women Silicone Removable Padded Bra Comfort Bandeau Tube Top Bra Black+Beige 2XL","1","amazon.ca","Amazon","North Bay","Ontario","P1B 5P","Combined TCS+MTC","-32.99","-4.29","0","0","0","0","0","0","0","0","4.29","4.49","0","0","0","-28.50"
"Nov 4, 2025 6:41:38 a.m. PST","24824982311","Order","702-5501693-9799468","WNCA-D33-25-6","Lusait Wireless Strapless Bra for Women Silicone Removable Padded Bra Comfort Bandeau Tube Top Bra Black+Beige 2XL","1","amazon.ca","Amazon","North Bay","Ontario","P1B 5P","Combined TCS+MTC","32.99","4.29","0","0","0","0","0","0","0","0","-4.29","-5.61","-7.13","0","0","20.25"
"Nov 4, 2025 6:41:55 a.m. PST","24824982311","Order","702-5723448-0317063","WNCA-D33-7-3","Lusait Wireless Strapless Bra for Women Silicone Removable Padded Bra Comfort Bandeau Tube Top Bra Brown M","1","amazon.ca","Amazon","Montreal","Quebec","H3C 6G","Combined TCS+MTC","19.99","2.99","0","0","0","0","0","0","0","0","-2.99","-2.00","-7.13","0","0","10.86"
"Nov 4, 2025 6:41:55 a.m. PST","24824982311","Order","702-5723448-0317063","WNCA-D33-7-2","Lusait Wireless Strapless Bra for Women Silicone Removable Tube Top Bra Comfort Bandeau Padded Bra Brown S","1","amazon.ca","Amazon","Montreal","Quebec","H3C 6G","Combined TCS+MTC","19.99","2.99","0","0","0","0","0","0","0","0","-5.98","-4.00","-7.13","0","0","5.87"
"Nov 4, 2025 6:41:55 a.m. PST","24824982311","Order","702-5723448-0317063","WNCA-D33-7-2","Lusait Wireless Strapless Bra for Women Silicone Removable Tube Top Bra Comfort Bandeau Padded Bra Brown S","1","amazon.ca","Amazon","Montreal","Quebec","H3C 6G","","19.99","2.99","0","0","0","0","0","0","0","0","0","0","-7.13","0","0","15.85"
"Nov 4, 2025 7:47:12 a.m. PST","24824982311","Order","701-2109161-9561021","WNCA-D33-2-2","Lusait Wireless Strapless Bra for Women Silicone Removable Padded Bra Comfort Bandeau Tube Top Bra Black S","1","amazon.ca","Amazon","Milton","Ontario","L9T 7Y","Combined TCS+MTC","19.99","2.60","0","0","0","0","0","0","0","0","-2.60","-2.00","-6.74","0","0","11.25"
"Nov 5, 2025 8:00:44 a.m. PST","24824982311","Order","702-7950224-1101055","WNCA-D33-2-2","Lusait Wireless Strapless Bra for Women Silicone Removable Padded Bra Comfort Bandeau Tube Top Bra Black S","1","amazon.ca","Amazon","Surrey","BC","V3S 9K","Combined TCS+MTC","19.99","2.40","0","0","0","0","0","0","0","0","-2.40","-2.00","-6.74","0","0","11.25"
"Nov 5, 2025 3:24:23 p.m. PST","24824982311","Order","701-8086825-4484241","WNCA-D33-2-3","Lusait Wireless Strapless Bra for Women Silicone Removable Padded Bra Comfort Bandeau Tube Top Bra Black M","1","amazon.ca","Amazon","Calgary","Alberta","T2K 0B","Combined TCS+MTC","19.99","1.00","0","0","0","0","0","0","0","0","-1.00","-2.00","-7.13","0","0","10.86"
"Nov 6, 2025 12:07:48 a.m. PST","24824982311","Service Fee","","","Subscription","","Amazon.ca","","","","","","0","0","0","0","0","0","0","0","0","0","0","0","0","0","-19.58","-19.58"
"Nov 6, 2025 3:57:35 a.m. PST","24824982311","Refund","701-8086825-4484241","WNCA-D33-2-3","Lusait Wireless Strapless Bra for Women Silicone Removable Padded Bra Comfort Bandeau Tube Top Bra Black M","1","amazon.ca","Amazon","Calgary","Alberta","T2K 0B","Combined TCS+MTC","-19.99","-1.00","0","0","0","0","0","0","0","0","1.00","1.60","0","0","0","-18.39"
"Nov 6, 2025 4:40:35 a.m. PST","24824982311","Order","702-2901051-4932239","WNCA-D33-6-5","Lusait Wireless Strapless Bra for Women Silicone Removable Padded Bra Comfort Bandeau Tube Top Bra White XL","1","amazon.ca","Amazon","Anjou","Quebec","H1K 1K","Combined TCS+MTC","19.99","2.99","0","0","0","0","0","0","0","0","-2.99","-2.00","-7.13","0","0","10.86"
"Nov 6, 2025 7:20:34 a.m. PST","24824982311","Order","701-0898646-7703456","WNCA-D33-2-5","Lusait Wireless Strapless Bra for Women Silicone Removable Padded Bra Comfort Bandeau Tube Top Bra Black XL","1","amazon.ca","Amazon","East St Paul","Manitoba","R2E 0L","Combined TCS+MTC","19.99","2.40","0","0","0","0","0","0","0","0","-2.40","-2.00","-7.84","0","0","10.15"
"Nov 6, 2025 7:25:55 a.m. PST","24824982311","Fulfilment by Amazon customer return fee","701-8086825-4484241","X003R2D0UV","FBA Customer Return Per Unit Fee (Clothing & Shoes)","","Amazon.ca","","","","","","0","0","0","0","0","0","0","0","0","0","0","0","-4.57","0","0","-4.57"
"Nov 7, 2025 2:46:34 a.m. PST","24824982311","FBA Inventory Fee","","","FBA storage fee","","Amazon.ca","","","","","","0","0","0","0","0","0","0","0","0","0","0","0","0","0","-90.80","-90.80"
"Nov 7, 2025 6:56:27 a.m. PST","24824982311","Order","702-3221505-0141809","WNCA-D33-25-4","Lusait Wireless Strapless Bra for Women Silicone Removable Padded Bra Comfort Bandeau Tube Top Bra Black+Beige L","1","amazon.ca","Amazon","Cavan","Ontario","L0A 1C","Combined TCS+MTC","19.99","2.60","0","0","0","0","0","0","0","0","-2.60","-2.00","-7.65","0","0","10.34"
"Nov 7, 2025 2:00:53 p.m. PST","24824982311","Order","702-3086161-6692241","WNCA-D33-2-2","Lusait Wireless Strapless Bra for Women Silicone Removable Padded Bra Comfort Bandeau Tube Top Bra Black S","1","amazon.ca","Amazon","Waterloo","Ontario","N2L 5M","Combined TCS+MTC","19.99","2.60","0","0","0","0","0","0","0","0","-2.60","-2.00","-6.74","0","0","11.25"
"Nov 7, 2025 3:36:05 p.m. PST","24824982311","Refund","702-0430063-8585822","WNCA-D33-5-4","Lusait Wireless Strapless Bra for Women Silicone Removable Padded Bra Comfort Bandeau Tube Top Bra Beige L","1","amazon.ca","Amazon","Caledonia","Ontario","N3W 2C","Combined TCS+MTC","-19.99","-2.60","0","0","0","0","0","0","0","0","2.60","1.60","0","0","0","-18.39"
"Nov 8, 2025 12:26:47 p.m. PST","24824982311","Refund","701-5772131-3880254","WNCA-D33-25-2","Lusait Wireless Strapless Bra for Women Silicone Removable Padded Bra Comfort Bandeau Tube Top Bra Black+Beige S","1","amazon.ca","Amazon","Montreal","QC","H4P 1P","Combined TCS+MTC","-32.99","-4.94","0","0","0","0","0","0","0","0","4.94","4.49","0","0","0","-28.50"
"Nov 8, 2025 4:56:18 p.m. PST","24824982311","Fulfilment by Amazon customer return fee","702-5501693-9799468","X00430JRJT","FBA Customer Return Per Unit Fee (Clothing & Shoes)","","Amazon.ca","","","","","","0","0","0","0","0","0","0","0","0","0","0","0","-4.92","0","0","-4.92"
"Nov 9, 2025 2:55:30 a.m. PST","24824982311","Order","701-5772131-3880254","WNCA-D33-25-2","Lusait Wireless Strapless Bra for Women Silicone Removable Padded Bra Comfort Bandeau Tube Top Bra Black+Beige S","1","amazon.ca","Amazon","Montreal","QC","H4P 1P","Combined TCS+MTC","32.99","4.94","0","0","0","0","0","0","0","0","-4.94","-5.61","-7.13","0","0","20.25"
"Nov 9, 2025 3:53:14 p.m. PST","24824982311","Order","701-8707994-0590664","WNCA-D33-2-6","Lusait Wireless Strapless Bra for Women Silicone Removable Padded Bra Comfort Bandeau Tube Top Bra Black 2XL","1","amazon.ca","Amazon","Charlemagne","Quebec","J5Z 1Z","Combined TCS+MTC","19.99","2.99","0","0","0","0","0","0","0","0","-2.99","-2.00","-7.13","0","0","10.86"
"Nov 10, 2025 12:28:01 p.m. PST","24930640601","Refund","702-0073579-9513057","WNCA-D33-25-2","Lusait Wireless Strapless Bra for Women Silicone Removable Padded Bra Comfort Bandeau Tube Top Bra Black+Beige S","1","amazon.ca","Amazon","Woodbridge","Ontario","L4H 0E","Combined TCS+MTC","-32.99","-4.29","-6.99","0","0","0","0","0","6.99","0","4.29","4.49","0","0","0","-28.50"
"Nov 11, 2025 3:42:55 a.m. PST","24930640601","Transfer","","","To account ending with: 127","","","","","","","","0","0","0","0","0","0","0","0","0","0","0","0","0","0","-49.45","-49.45"
"Nov 12, 2025 11:49:09 a.m. PST","24930640601","Refund","702-5723448-0317063","WNCA-D33-7-2","Lusait Wireless Strapless Bra for Women Silicone Removable Tube Top Bra Comfort Bandeau Padded Bra Brown S","1","amazon.ca","Amazon","Montreal","Quebec","H3C 6G","Combined TCS+MTC","-19.99","-2.99","0","0","0","0","0","0","0","0","2.99","1.60","0","0","0","-18.39"
"Nov 12, 2025 11:49:09 a.m. PST","24930640601","Refund","702-5723448-0317063","WNCA-D33-7-3","Lusait Wireless Strapless Bra for Women Silicone Removable Padded Bra Comfort Bandeau Tube Top Bra Brown M","1","amazon.ca","Amazon","Montreal","Quebec","H3C 6G","Combined TCS+MTC","-19.99","-2.99","0","0","0","0","0","0","0","0","2.99","1.60","0","0","0","-18.39"
"Nov 13, 2025 5:40:28 a.m. PST","24930640601","Order","702-3154862-0733020","WNCA-D33-5-4","Lusait Wireless Strapless Bra for Women Silicone Removable Padded Bra Comfort Bandeau Tube Top Bra Beige L","1","amazon.ca","Amazon","Burlington","Ontario","L7T 0C","Combined TCS+MTC","19.99","2.60","0","0","0","0","0","0","0","0","-2.60","-2.00","-7.13","0","0","10.86"
"Nov 13, 2025 7:08:23 a.m. PST","24930640601","Order","702-4017436-0605800","WNCA-D33-5-5","Lusait Wireless Strapless Bra for Women Silicone Removable Padded Bra Comfort Bandeau Tube Top Bra Beige XL","1","amazon.ca","Amazon","Brampton","Ontario","L6W 1C","Combined TCS+MTC","19.99","2.60","0","0","0","0","0","0","0","0","-2.60","-2.00","-7.13","0","0","10.86"
"Nov 13, 2025 9:07:58 a.m. PST","24930640601","Order","701-8675503-3451411","WNCA-D33-25-2","Lusait Wireless Strapless Bra for Women Silicone Removable Padded Bra Comfort Bandeau Tube Top Bra Black+Beige S","1","amazon.ca","Amazon","Montreal","Quebec","H4P 0B","Combined TCS+MTC","32.99","4.94","0","0","0","0","0","0","0","0","-4.94","-5.61","-7.13","0","0","20.25"
"Nov 13, 2025 10:02:06 a.m. PST","24930640601","Fulfilment by Amazon customer return fee","702-0430063-8585822","X003R2D0U1","FBA Customer Return Per Unit Fee (Clothing & Shoes)","","Amazon.ca","","","","","","0","0","0","0","0","0","0","0","0","0","0","0","-4.92","0","0","-4.92"
"Nov 13, 2025 1:02:49 p.m. PST","24930640601","Refund","701-8675503-3451411","WNCA-D33-25-2","Lusait Wireless Strapless Bra for Women Silicone Removable Padded Bra Comfort Bandeau Tube Top Bra Black+Beige S","1","amazon.ca","Amazon","Montreal","Quebec","H4P 0B","Combined TCS+MTC","-32.99","-4.94","0","0","0","0","0","0","0","0","4.94","4.49","0","0","0","-28.50"
"Nov 13, 2025 4:05:00 p.m. PST","24930640601","Fulfilment by Amazon customer return fee","702-8871199-7042648","X003R2BVXT","FBA Customer Return Per Unit Fee (Clothing & Shoes)","","Amazon.ca","","","","","","0","0","0","0","0","0","0","0","0","0","0","0","-4.92","0","0","-4.92"
"Nov 13, 2025 10:26:29 p.m. PST","24930640601","Order","702-7462512-3293803","WNCA-D33-22-2","Lusait Wireless Strapless Bra for Women Silicone Removable Padded Bra Comfort Bandeau Tube Top Bra Black+Black S","2","amazon.ca","Amazon","Fort McMurray","Alberta","T9K 1N","Combined TCS+MTC","39.98","2.00","0","0","0","0","0","0","0","0","-2.00","-4.00","-14.26","0","0","21.72"
"Nov 14, 2025 1:01:36 p.m. PST","24930640601","Fulfilment by Amazon customer return fee","701-5772131-3880254","X003RUSPM1","FBA Customer Return Per Unit Fee (Clothing & Shoes)","","Amazon.ca","","","","","","0","0","0","0","0","0","0","0","0","0","0","0","-4.92","0","0","-4.92"
"Nov 14, 2025 4:42:06 p.m. PST","24930640601","FBA Inventory Fee","702-8871199-7042648","","Fulfilment by Amazon removal order: disposal fee","","Amazon.ca","","","","","","0","0","0","0","0","0","0","0","0","0","0","0","0","0","-0.36","-0.36"
"Nov 14, 2025 8:09:28 p.m. PST","24930640601","FBA Inventory Fee","m/bV257Ojb","","Fulfilment by Amazon removal order: disposal fee","","Amazon.ca","","","","","","0","0","0","0","0","0","0","0","0","0","0","0","0","0","-0.36","-0.36"
"Nov 15, 2025 6:35:56 a.m. PST","24930640601","Order","702-3939489-0430625","WNCA-D33-2-5","Lusait Wireless Strapless Bra for Women Silicone Removable Padded Bra Comfort Bandeau Tube Top Bra Black XL","1","amazon.ca","Amazon","Lachine","Quebec","H8S 3L","Combined TCS+MTC","19.99","2.99","5.48","0.82","0","0","0","0","0","0","-3.81","-2.00","-13.32","0","0","10.15"
"Nov 16, 2025 3:33:10 a.m. PST","24930640601","Order","701-3887494-1523438","WNCA-D33-25-2","Lusait Wireless Strapless Bra for Women Silicone Removable Padded Bra Comfort Bandeau Tube Top Bra Black+Beige S","1","amazon.ca","Amazon","Trois-Rivières","Québec","G8Z1R","Combined TCS+MTC","32.99","4.94","0","0","0","0","0","0","0","0","-4.94","-5.61","-7.13","0","0","20.25"
"Nov 16, 2025 10:01:03 a.m. PST","24930640601","Fulfilment by Amazon customer return fee","702-6382499-1044243","X003R2D0PV","FBA Customer Return Per Unit Fee (Clothing & Shoes)","","Amazon.ca","","","","","","0","0","0","0","0","0","0","0","0","0","0","0","-4.92","0","0","-4.92"
"Nov 17, 2025 6:15:12 p.m. PST","24930640601","Fulfilment by Amazon customer return fee","702-0073579-9513057","X003RUSPM1","FBA Customer Return Per Unit Fee (Clothing & Shoes)","","Amazon.ca","","","","","","0","0","0","0","0","0","0","0","0","0","0","0","-4.92","0","0","-4.92"
"Nov 18, 2025 2:13:00 a.m. PST","24930640601","Order","701-7266138-4039437","WNCA-D33-2-5","Lusait Wireless Strapless Bra for Women Silicone Removable Padded Bra Comfort Bandeau Tube Top Bra Black XL","1","amazon.ca","Amazon","Bashaw","Alberta","T0B 0H","Combined TCS+MTC","19.99","1.00","0","0","0","0","0","0","0","0","-1.00","-2.00","-7.84","0","0","10.15"
"Nov 18, 2025 1:42:56 p.m. PST","24930640601","Fulfilment by Amazon customer return fee","702-5723448-0317063","X00430ZYY1","FBA Customer Return Per Unit Fee (Clothing & Shoes)","","Amazon.ca","","","","","","0","0","0","0","0","0","0","0","0","0","0","0","-4.92","0","0","-4.92"
"Nov 18, 2025 1:43:06 p.m. PST","24930640601","Fulfilment by Amazon customer return fee","702-5723448-0317063","X00430QIK5","FBA Customer Return Per Unit Fee (Clothing & Shoes)","","Amazon.ca","","","","","","0","0","0","0","0","0","0","0","0","0","0","0","-4.92","0","0","-4.92"
"Nov 19, 2025 3:19:15 a.m. PST","24930640601","Order","702-9104158-7471431","WNCA-D33-5-4","Lusait Wireless Strapless Bra for Women Silicone Removable Padded Bra Comfort Bandeau Tube Top Bra Beige L","1","amazon.ca","Amazon","Oakville","Ontario","L6L 5N","Combined TCS+MTC","19.99","2.60","0","0","0","0","0","0","0","0","-2.60","-2.00","-7.13","0","0","10.86"
"Nov 19, 2025 3:56:32 a.m. PST","24930640601","Order","701-4967065-4691417","WNCA-D33-2-3","Lusait Wireless Strapless Bra for Women Silicone Removable Padded Bra Comfort Bandeau Tube Top Bra Black M","1","amazon.ca","Amazon","Edmonton","Alberta","T6V 0L","Combined TCS+MTC","19.99","1.00","0","0","0","0","0","0","0","0","-1.00","-2.00","-7.13","0","0","10.86"
"Nov 19, 2025 3:57:19 a.m. PST","24930640601","FBA Inventory Fee","","","FBA Long-Term Storage Fee","","Amazon.ca","","","","","","0","0","0","0","0","0","0","0","0","0","0","0","0","0","-52.28","-52.28"
"Nov 19, 2025 5:53:31 a.m. PST","24930640601","Order","701-7588204-7609815","WNCA-D33-2-2","Lusait Wireless Strapless Bra for Women Silicone Removable Padded Bra Comfort Bandeau Tube Top Bra Black S","1","amazon.ca","Amazon","Toronto","Ontario","M4J 1B","Combined TCS+MTC","19.99","2.60","0","0","0","0","0","0","0","0","-2.60","-2.00","-6.74","0","0","11.25"
"Nov 20, 2025 3:11:58 p.m. PST","24930640601","FBA Inventory Fee","MEF4kQiQb+","","Fulfilment by Amazon removal order: disposal fee","","Amazon.ca","","","","","","0","0","0","0","0","0","0","0","0","0","0","0","0","0","-0.36","-0.36"
"Nov 20, 2025 5:49:41 p.m. PST","24930640601","Order","702-7861412-7928246","WNCA-D33-2-5","Lusait Wireless Strapless Bra for Women Silicone Removable Padded Bra Comfort Bandeau Tube Top Bra Black XL","1","amazon.ca","Amazon","Kincardine","Ontario","N2Z 1G","Combined TCS+MTC","19.99","2.60","0","0","0","0","0","0","0","0","-2.60","-2.00","-7.84","0","0","10.15"
"Nov 20, 2025 7:25:45 p.m. PST","24930640601","Adjustment","701-7515690-2632237","WNCA-D33-25-5","FBA Inventory Reimbursement - Customer Return","1","","","","","","","0","0","0","0","0","0","0","0","0","0","0","0","0","0","19.54","19.54"
"Nov 20, 2025 7:38:34 p.m. PST","24930640601","Order","702-6085531-8459408","WNCA-D33-2-4","Lusait Wireless Strapless Bra for Women Silicone Removable Padded Bra Comfort Bandeau Tube Top Bra Black L","1","amazon.ca","Amazon","Toronto","Ontario","M4B 1K","Combined TCS+MTC","15.99","2.08","0","0","0","0","0","0","0","0","-2.08","-1.60","-7.13","0","0","7.26"
"Nov 22, 2025 5:38:54 a.m. PST","24930640601","Order","701-4939554-2575416","WNCA-D33-6-6","Lusait Wireless Strapless Bra for Women Silicone Removable Padded Bra Comfort Bandeau Tube Top Bra White 2XL","1","amazon.ca","Amazon","Cardston","Alberta","T0K 0K","Combined TCS+MTC","19.99","1.00","0","0","0","0","0","0","0","0","-1.00","-2.00","-7.13","0","0","10.86"
"Nov 22, 2025 6:25:18 a.m. PST","24930640601","Order","701-8671300-2077011","WNCA-D33-25-3","Lusait Wireless Strapless Bra for Women Silicone Removable Padded Bra Comfort Bandeau Tube Top Bra Black+Beige M","1","amazon.ca","Amazon","Calgary","Alberta","T2V 1E","Combined TCS+MTC","32.99","1.65","6.99","0","0","0","0","0","-6.99","0","-1.65","-5.61","-7.13","0","0","20.25"
"Nov 22, 2025 7:16:20 a.m. PST","24930640601","Order","702-4874072-2274654","WNCA-D33-5-6","Lusait Wireless Strapless Bra for Women Silicone Removable Padded Bra Comfort Bandeau Tube Top Bra Beige 2XL","1","amazon.ca","Amazon","Edmonton","Alberta","T6W 1A","Combined TCS+MTC","19.99","1.00","3.50","0","0","0","0","0","-3.50","0","-1.00","-2.00","-7.13","0","0","10.86"
"Nov 22, 2025 7:47:17 a.m. PST","24930640601","Order","702-5057298-7168238","WNCA-D33-2-6","Lusait Wireless Strapless Bra for Women Silicone Removable Padded Bra Comfort Bandeau Tube Top Bra Black 2XL","1","amazon.ca","Amazon","Kitchener","Ontario","N2A 2G","Combined TCS+MTC","19.99","2.60","0","0","0","0","0","0","0","0","-2.60","-2.00","-7.13","0","0","10.86"
"Nov 22, 2025 9:45:09 p.m. PST","24930640601","Fulfilment by Amazon customer return fee","701-8675503-3451411","X003RUSPM1","FBA Customer Return Per Unit Fee (Clothing & Shoes)","","Amazon.ca","","","","","","0","0","0","0","0","0","0","0","0","0","0","0","-4.92","0","0","-4.92"
"Nov 22, 2025 10:38:27 p.m. PST","24930640601","Adjustment","","WNCA-D33-2-4","FBA Inventory Reimbursement - General Adjustment","1","","","","","","","0","0","0","0","0","0","0","0","0","0","0","0","0","0","-11.26","-11.26"
"Nov 23, 2025 10:26:01 a.m. PST","24930640601","Order","702-9326358-7541815","WNCA-D33-25-2","Lusait Wireless Strapless Bra for Women Silicone Removable Padded Bra Comfort Bandeau Tube Top Bra Black+Beige S","1","amazon.ca","Amazon","Ottawa","Ontario","K1K 0N","Combined TCS+MTC","32.99","4.29","0","0","0","0","0","0","0","0","-4.29","-5.61","-7.13","0","0","20.25"
"Nov 23, 2025 8:21:54 p.m. PST","24930640601","Order","702-2333182-9493025","WNCA-D33-2-5","Lusait Wireless Strapless Bra for Women Silicone Removable Padded Bra Comfort Bandeau Tube Top Bra Black XL","1","amazon.ca","Amazon","Saskatoon","Saskatchewan","S7N1N","Combined TCS+MTC","19.99","2.20","0","0","0","0","0","0","0","0","-2.20","-2.00","-7.84","0","0","10.15"
"Nov 23, 2025 10:16:06 p.m. PST","24930640601","Order","701-1461205-5112257","WNCA-D33-7-6","Lusait Wireless Strapless Bra for Women Silicone Removable Padded Bra Comfort Bandeau Tube Top Bra Brown 2XL","1","amazon.ca","Amazon","Calgary","Alberta","T2N 3T","Combined TCS+MTC","19.99","1.00","0","0","0","0","0","0","0","0","-1.00","-2.00","-7.63","0","0","10.36"
"Nov 23, 2025 11:37:23 p.m. PST","24930640601","Refund","701-1461205-5112257","WNCA-D33-7-6","Lusait Wireless Strapless Bra for Women Silicone Removable Padded Bra Comfort Bandeau Tube Top Bra Brown 2XL","1","amazon.ca","Amazon","Calgary","Alberta","T2N 3T","Combined TCS+MTC","-19.99","-1.00","0","0","0","0","0","0","0","0","1.00","1.60","0","0","0","-18.39"
"Nov 24, 2025 12:23:12 a.m. PST","24930640601","Refund","701-1461205-5112257","WNCA-D33-7-5","Lusait Wireless Strapless Bra for Women Silicone Removable Padded Bra Comfort Bandeau Tube Top Bra Brown XL","1","amazon.ca","Amazon","Calgary","Alberta","T2N 3T","Combined TCS+MTC","-19.99","-1.00","0","0","0","0","0","0","0","0","1.00","1.60","0","0","0","-18.39"
"Nov 24, 2025 2:58:57 a.m. PST","25029731531","Order","701-1461205-5112257","WNCA-D33-7-5","Lusait Wireless Strapless Bra for Women Silicone Removable Padded Bra Comfort Bandeau Tube Top Bra Brown XL","1","amazon.ca","Amazon","Calgary","Alberta","T2N 3T","Combined TCS+MTC","19.99","1.00","0","0","0","0","0","0","0","0","-1.00","-2.00","-7.13","0","0","10.86"
"Nov 24, 2025 2:58:57 a.m. PST","25029731531","Order","701-1461205-5112257","WNCA-D33-7-2","Lusait Wireless Strapless Bra for Women Silicone Removable Tube Top Bra Comfort Bandeau Padded Bra Brown S","1","amazon.ca","Amazon","Calgary","Alberta","T2N 3T","Combined TCS+MTC","19.99","1.00","0","0","0","0","0","0","0","0","-1.00","-2.00","-7.13","0","0","10.86"
"Nov 24, 2025 3:57:38 a.m. PST","25029731531","Order","701-4830978-8400224","WNCA-D33-5-5","Lusait Wireless Strapless Bra for Women Silicone Removable Padded Bra Comfort Bandeau Tube Top Bra Beige XL","1","amazon.ca","Amazon","North York","Ontario","M9M 0G","Combined TCS+MTC","19.99","2.60","0","0","0","0","0","0","0","0","-2.60","-2.00","-7.13","0","0","10.86"
"Nov 25, 2025 3:57:56 a.m. PST","25029731531","Transfer","","","To account ending with: 127","","","","","","","","0","0","0","0","0","0","0","0","0","0","0","0","0","0","-33.21","-33.21"
"Nov 26, 2025 5:07:12 a.m. PST","25029731531","Order","701-3110047-5868222","WNCA-D33-22-5","Lusait Wireless Strapless Bra for Women Silicone Removable Padded Bra Comfort Bandeau Tube Top Bra Black+Black XL","1","amazon.ca","Amazon","Thunder Bay","Ontario","P7A 1G","Combined TCS+MTC","19.99","2.60","0","0","0","0","0","0","0","0","-2.60","-2.00","-7.13","0","0","10.86"
"Nov 26, 2025 7:47:16 a.m. PST","25029731531","Order","702-1257154-2850641","WNCA-D33-5-4","Lusait Wireless Strapless Bra for Women Silicone Removable Padded Bra Comfort Bandeau Tube Top Bra Beige L","1","amazon.ca","Amazon","Calgary","Alberta","T1Y 6N","Combined TCS+MTC","19.99","1.00","0","0","0","0","0","0","0","0","-1.00","-2.00","-7.13","0","0","10.86"
"Nov 26, 2025 7:59:49 a.m. PST","25029731531","Order","701-7377360-1376261","Amazon.Found.B0BYM98WB9","Lusait Wireless Strapless Bra for Women Silicone Removable Padded Bra Comfort Bandeau Tube Top Bra Black M","1","amazon.ca","Amazon","Surrey","British Columbia","V4N 0W","Combined TCS+MTC","19.99","2.40","2.33","0","0","0","0","0","-2.33","0","-2.40","-2.00","-7.63","0","0","10.36"
"Nov 26, 2025 4:47:02 p.m. PST","25029731531","Refund","702-0149628-2353060","WNCA-D33-2-2","Lusait Wireless Strapless Bra for Women Silicone Removable Padded Bra Comfort Bandeau Tube Top Bra Black S","1","amazon.ca","Amazon","Kleinburg","Ontario","L4H 3Y","Combined TCS+MTC","-19.99","-2.60","0","0","0","0","0","0","0","0","2.60","1.60","0","0","0","-18.39"
"Nov 26, 2025 7:14:42 p.m. PST","25029731531","Refund","701-7377360-1376261","Amazon.Found.B0BYM98WB9","Lusait Wireless Strapless Bra for Women Silicone Removable Padded Bra Comfort Bandeau Tube Top Bra Black M","1","amazon.ca","Amazon","Surrey","British Columbia","V4N 0W","Combined TCS+MTC","-19.99","-2.40","-2.33","0","0","0","0","0","2.33","0","2.40","1.60","0","0","0","-18.39"
"Nov 26, 2025 10:42:04 p.m. PST","25029731531","Order","701-5205779-7858639","WNCA-D33-7-2","Lusait Wireless Strapless Bra for Women Silicone Removable Tube Top Bra Comfort Bandeau Padded Bra Brown S","1","amazon.ca","Amazon","Edmonton","Alberta","T6L 1W","Combined TCS+MTC","19.99","1.00","0","0","0","0","0","0","0","0","-1.00","-2.00","-7.13","0","0","10.86"
"Nov 26, 2025 10:46:07 p.m. PST","25029731531","Order","701-2318135-8661864","WNCA-D33-22-5","Lusait Wireless Strapless Bra for Women Silicone Removable Padded Bra Comfort Bandeau Tube Top Bra Black+Black XL","1","amazon.ca","Amazon","Oshawa","Ontario","L1K 2R","Combined TCS+MTC","19.99","2.60","0","0","0","0","0","0","0","0","-2.60","-2.00","-7.13","0","0","10.86"
"Nov 27, 2025 12:20:53 a.m. PST","25029731531","Order","702-5908865-2624261","WNCA-D33-25-3","Lusait Wireless Strapless Bra for Women Silicone Removable Padded Bra Comfort Bandeau Tube Top Bra Black+Beige M","1","amazon.ca","Amazon","Iroquois","Ontario","K0E 1K","Combined TCS+MTC","32.99","4.29","0","0","0","0","0","0","0","0","-4.29","-5.61","-7.13","0","0","20.25"
"Nov 27, 2025 5:14:51 a.m. PST","25029731531","Order","702-7076436-6621823","WNCA-D33-25-6","Lusait Wireless Strapless Bra for Women Silicone Removable Padded Bra Comfort Bandeau Tube Top Bra Black+Beige 2XL","1","amazon.ca","Amazon","Maniwaki","Québec","J9E 2L","Combined TCS+MTC","32.99","4.94","0","0","0","0","0","0","0","0","-4.94","-5.61","-7.13","0","0","20.25"
"Nov 27, 2025 7:42:43 a.m. PST","25029731531","Order","702-8561306-6861838","WNCA-D33-7-2","Lusait Wireless Strapless Bra for Women Silicone Removable Tube Top Bra Comfort Bandeau Padded Bra Brown S","1","amazon.ca","Amazon","Calgary","Alberta","T2R 0Z","Combined TCS+MTC","19.99","1.00","0","0","0","0","0","0","0","0","-1.00","-2.00","-7.13","0","0","10.86"
"Nov 27, 2025 8:36:00 p.m. PST","25029731531","Fulfilment by Amazon customer return fee","701-1461205-5112257","X004308G73","FBA Customer Return Per Unit Fee (Clothing & Shoes)","","Amazon.ca","","","","","","0","0","0","0","0","0","0","0","0","0","0","0","-4.57","0","0","-4.57"
"Nov 27, 2025 8:41:52 p.m. PST","25029731531","Fulfilment by Amazon customer return fee","701-1461205-5112257","X00430QG9X","FBA Customer Return Per Unit Fee (Clothing & Shoes)","","Amazon.ca","","","","","","0","0","0","0","0","0","0","0","0","0","0","0","-4.57","0","0","-4.57"
"Nov 27, 2025 10:34:27 p.m. PST","25029731531","Order","702-4772265-8061046","WNCA-D33-2-3","Lusait Wireless Strapless Bra for Women Silicone Removable Padded Bra Comfort Bandeau Tube Top Bra Black M","1","amazon.ca","Amazon","Edmonton","Alberta","T6J 6J","Combined TCS+MTC","19.99","1.00","0","0","0","0","0","0","0","0","-1.00","-2.00","-7.13","0","0","10.86"
"Nov 28, 2025 12:16:41 a.m. PST","25029731531","Order","702-5406019-0859429","WNCA-D33-22-3","Lusait Wireless Strapless Bra for Women Silicone Removable Padded Bra Comfort Bandeau Tube Top Bra Black+Black M","1","amazon.ca","Amazon","Red Deer","Alberta","T4P 2E","Combined TCS+MTC","19.99","1.00","0","0","0","0","0","0","0","0","-1.00","-2.00","-7.13","0","0","10.86"
"Nov 28, 2025 4:52:24 a.m. PST","25029731531","Order","702-5022174-3103452","WNCA-D33-2-5","Lusait Wireless Strapless Bra for Women Silicone Removable Padded Bra Comfort Bandeau Tube Top Bra Black XL","1","amazon.ca","Amazon","Saint-Georges","Québec","G6A 1H","Combined TCS+MTC","19.99","2.99","0","0","0","0","0","0","0","0","-2.99","-2.00","-7.84","0","0","10.15"
"Nov 28, 2025 6:01:45 a.m. PST","25029731531","Order","702-0842172-0798648","WNCA-D33-7-2","Lusait Wireless Strapless Bra for Women Silicone Removable Tube Top Bra Comfort Bandeau Padded Bra Brown S","1","amazon.ca","Amazon","Stratford","Ontario","N5A 5V","Combined TCS+MTC","19.99","2.60","0","0","0","0","0","0","0","0","-2.60","-2.00","-7.13","0","0","10.86"
"Nov 29, 2025 4:56:25 p.m. PST","25029731531","Refund","702-7950224-1101055","WNCA-D33-2-2","Lusait Wireless Strapless Bra for Women Silicone Removable Padded Bra Comfort Bandeau Tube Top Bra Black S","1","amazon.ca","Amazon","Surrey","BC","V3S 9K","Combined TCS+MTC","-19.99","-2.40","0","0","0","0","0","0","0","0","2.40","1.60","0","0","0","-18.39"
"Nov 29, 2025 9:47:21 p.m. PST","25029731531","Order","702-1900289-7806613","WNCA-D33-22-2","Lusait Wireless Strapless Bra for Women Silicone Removable Padded Bra Comfort Bandeau Tube Top Bra Black+Black S","1","amazon.ca","Amazon","Montreal","Quebec","H1A 1H","Combined TCS+MTC","19.99","2.99","0","0","0","0","0","0","0","0","-2.99","-2.00","-7.13","0","0","10.86"
"Nov 30, 2025 5:08:08 a.m. PST","25029731531","Order","701-3138473-8346642","WNCA-D33-25-4","Lusait Wireless Strapless Bra for Women Silicone Removable Padded Bra Comfort Bandeau Tube Top Bra Black+Beige L","1","amazon.ca","Amazon","Pickering","Ontario","L1W 3W","Combined TCS+MTC","19.99","2.60","3.50","0","0","0","0","0","-3.50","0","-2.60","-2.00","-7.65","0","0","10.34"
"Nov 30, 2025 7:56:01 a.m. PST","25029731531","Order","702-1239357-0947409","WNCA-D33-22-5","Lusait Wireless Strapless Bra for Women Silicone Removable Padded Bra Comfort Bandeau Tube Top Bra Black+Black XL","1","amazon.ca","Amazon","Woodstock","Ontario","N4S 7V","Combined TCS+MTC","19.99","2.60","0","0","0","0","0","0","0","0","-2.60","-2.00","-7.13","0","0","10.86"
"Nov 30, 2025 8:03:40 p.m. PST","25029731531","Fulfilment by Amazon customer return fee","701-7351124-1294643","X003R2BVOX","FBA Customer Return Per Unit Fee (Clothing & Shoes)","","Amazon.ca","","","","","","0","0","0","0","0","0","0","0","0","0","0","0","-4.79","0","0","-4.79"
"Dec 1, 2025 1:54:56 a.m. PST","25029731531","Order","701-7351124-1294643","WNCA-D33-6-3","Lusait Wireless Strapless Bra for Women Silicone Removable Padded Bra Comfort Bandeau Tube Top Bra White M","1","amazon.ca","Amazon","BURLINGTON","ON","L7M3X","Combined TCS+MTC","19.99","2.60","0","0","0","0","0","0","0","0","-2.60","-2.00","-6.74","0","0","11.25"
"Dec 1, 2025 3:18:57 a.m. PST","25029731531","Refund","701-7351124-1294643","WNCA-D33-6-3","Lusait Wireless Strapless Bra for Women Silicone Removable Padded Bra Comfort Bandeau Tube Top Bra White M","1","amazon.ca","Amazon","BURLINGTON","ON","L7M3X","Combined TCS+MTC","-19.99","-2.60","0","0","0","0","0","0","0","0","2.60","1.60","0","0","0","-18.39"
"Dec 1, 2025 6:14:18 a.m. PST","25029731531","Refund","702-7861412-7928246","WNCA-D33-2-5","Lusait Wireless Strapless Bra for Women Silicone Removable Padded Bra Comfort Bandeau Tube Top Bra Black XL","1","amazon.ca","Amazon","Kincardine","Ontario","N2Z 1G","Combined TCS+MTC","-19.99","-2.60","0","0","0","0","0","0","0","0","2.60","1.60","0","0","0","-18.39"
"Dec 1, 2025 7:09:42 a.m. PST","25029731531","Order","701-0034264-7755450","WNCA-D33-6-4","Lusait Wireless Strapless Bra for Women Silicone Removable Padded Bra Comfort Bandeau Tube Top Bra White L","1","amazon.ca","Amazon","Sainte-Marie","Quebec","G6E 1H","Combined TCS+MTC","19.99","2.99","0","0","0","0","0","0","0","0","-2.99","-2.00","-7.13","0","0","10.86"
"Dec 1, 2025 7:38:49 a.m. PST","25029731531","Order","702-7734430-0724231","WNCA-D33-2-3","Lusait Wireless Strapless Bra for Women Silicone Removable Padded Bra Comfort Bandeau Tube Top Bra Black M","1","amazon.ca","Amazon","Winnipeg","Manitoba","R3M0S","Combined TCS+MTC","19.99","2.40","0","0","0","0","0","0","0","0","-2.40","-2.00","-7.13","0","0","10.86"
"Dec 1, 2025 5:56:03 p.m. PST","25029731531","Refund","701-1461205-5112257","WNCA-D33-7-2","Lusait Wireless Strapless Bra for Women Silicone Removable Tube Top Bra Comfort Bandeau Padded Bra Brown S","1","amazon.ca","Amazon","Calgary","Alberta","T2N 3T","Combined TCS+MTC","-19.99","-1.00","0","0","0","0","0","0","0","0","1.00","1.60","0","0","0","-18.39"
"Dec 1, 2025 6:41:30 p.m. PST","25029731531","Order","701-5995498-2337023","WNCA-D33-2-6","Lusait Wireless Strapless Bra for Women Silicone Removable Padded Bra Comfort Bandeau Tube Top Bra Black 2XL","1","amazon.ca","Amazon","Cornwall","Ontario","K6J 1J","Combined TCS+MTC","19.99","2.60","0","0","0","0","0","0","0","0","-2.60","-2.00","-7.13","0","0","10.86"
"Dec 2, 2025 3:25:27 p.m. PST","25029731531","Order","702-8455299-3559461","WNCA-D33-25-4","Lusait Wireless Strapless Bra for Women Silicone Removable Padded Bra Comfort Bandeau Tube Top Bra Black+Beige L","1","amazon.ca","Amazon","Burlington","Ontario","L7P 0E","Combined TCS+MTC","19.99","2.60","0","0","0","0","0","0","0","0","-2.60","-2.00","-7.65","0","0","10.34"
"Dec 2, 2025 6:16:48 p.m. PST","25029731531","Fulfilment by Amazon customer return fee","702-0149628-2353060","X003R2BVUH","FBA Customer Return Per Unit Fee (Clothing & Shoes)","","Amazon.ca","","","","","","0","0","0","0","0","0","0","0","0","0","0","0","-4.79","0","0","-4.79"
"Dec 3, 2025 4:38:50 a.m. PST","25029731531","Order","701-9176589-1765830","WNCA-D33-2-3","Lusait Wireless Strapless Bra for Women Silicone Removable Padded Bra Comfort Bandeau Tube Top Bra Black M","1","amazon.ca","Amazon","Minden","Ontario","K0M 2K","Combined TCS+MTC","19.99","2.60","0","0","0","0","0","0","0","0","-2.60","-2.00","-7.13","0","0","10.86"
"Dec 3, 2025 5:16:22 a.m. PST","25029731531","Order","701-9320081-4453804","WNCA-D33-2-5","Lusait Wireless Strapless Bra for Women Silicone Removable Padded Bra Comfort Bandeau Tube Top Bra Black XL","1","amazon.ca","Amazon","Ottawa","ON","K1Z 6W","Combined TCS+MTC","19.99","2.60","0","0","0","0","0","0","0","0","-2.60","-2.00","-7.84","0","0","10.15"
"Dec 3, 2025 6:51:54 a.m. PST","25029731531","Order","702-6288826-3266626","WNCA-D33-22-4","Lusait Wireless Strapless Bra for Women Silicone Removable Padded Bra Comfort Bandeau Tube Top Bra Black+Black L","1","amazon.ca","Amazon","Hamilton","Ontario","L8V 1X","Combined TCS+MTC","19.99","2.60","0","0","0","0","0","0","0","0","-2.60","-2.00","-7.13","0","0","10.86"
"Dec 3, 2025 5:53:13 p.m. PST","25029731531","Order","702-9722259-0649829","WNCA-D33-6-6","Lusait Wireless Strapless Bra for Women Silicone Removable Padded Bra Comfort Bandeau Tube Top Bra White 2XL","1","amazon.ca","Amazon","Whitby","Ontario","L1N 9R","Combined TCS+MTC","19.99","2.60","0","0","0","0","0","0","0","0","-2.60","-2.00","-7.13","0","0","10.86"
"Dec 4, 2025 5:54:29 a.m. PST","25029731531","Order","702-5347958-1785839","WNCA-D33-7-3","Lusait Wireless Strapless Bra for Women Silicone Removable Padded Bra Comfort Bandeau Tube Top Bra Brown M","1","amazon.ca","Amazon","London","Ontario","N6G 0J","Combined TCS+MTC","19.99","2.60","0","0","0","0","0","0","0","0","-2.60","-2.00","-7.13","0","0","10.86"
"Dec 4, 2025 7:25:31 a.m. PST","25029731531","Refund","702-9722259-0649829","WNCA-D33-6-6","Lusait Wireless Strapless Bra for Women Silicone Removable Padded Bra Comfort Bandeau Tube Top Bra White 2XL","1","amazon.ca","Amazon","Whitby","Ontario","L1N 9R","Combined TCS+MTC","-19.99","-2.60","0","0","0","0","0","0","0","0","2.60","1.60","0","0","0","-18.39"
"Dec 4, 2025 7:59:00 a.m. PST","25029731531","Order","702-5740109-4844250","WNCA-D33-22-3","Lusait Wireless Strapless Bra for Women Silicone Removable Padded Bra Comfort Bandeau Tube Top Bra Black+Black M","1","amazon.ca","Amazon","Repentigny","Quebec","J6A 2C","Combined TCS+MTC","19.99","2.99","0","0","0","0","0","0","0","0","-2.99","-2.00","-7.13","0","0","10.86"
"Dec 4, 2025 10:55:35 a.m. PST","25029731531","Fulfilment by Amazon customer return fee","702-9722259-0649829","X004308G2D","FBA Customer Return Per Unit Fee (Clothing & Shoes)","","Amazon.ca","","","","","","0","0","0","0","0","0","0","0","0","0","0","0","-4.92","0","0","-4.92"
"Dec 4, 2025 2:37:43 p.m. PST","25029731531","FBA Inventory Fee","702-9722259-0649829","","Fulfilment by Amazon removal order: disposal fee","","Amazon.ca","","","","","","0","0","0","0","0","0","0","0","0","0","0","0","0","0","-0.36","-0.36"
"Dec 4, 2025 2:38:54 p.m. PST","25029731531","Fulfilment by Amazon customer return fee","702-7950224-1101055","X003R2BVUH","FBA Customer Return Per Unit Fee (Clothing & Shoes)","","Amazon.ca","","","","","","0","0","0","0","0","0","0","0","0","0","0","0","-4.45","0","0","-4.45"
"Dec 4, 2025 9:26:37 p.m. PST","25029731531","Adjustment","","WNCA-D33-2-5","FBA Inventory Reimbursement - Damaged:Warehouse","1","","","","","","","0","0","0","0","0","0","0","0","0","0","0","0","0","0","5.80","5.80"
"Dec 5, 2025 2:32:36 a.m. PST","25029731531","Order","701-8430116-4501864","WNCA-D33-25-4","Lusait Wireless Strapless Bra for Women Silicone Removable Padded Bra Comfort Bandeau Tube Top Bra Black+Beige L","1","amazon.ca","Amazon","Vancouver","British Columbia","V5X 1L","Combined TCS+MTC","19.99","2.40","0","0","0","0","0","0","0","0","-2.40","-2.00","-7.65","0","0","10.34"
"Dec 5, 2025 5:53:38 a.m. PST","25029731531","Order","701-2490128-6900265","WNCA-D33-2-3","Lusait Wireless Strapless Bra for Women Silicone Removable Padded Bra Comfort Bandeau Tube Top Bra Black M","1","amazon.ca","Amazon","Calgary","Alberta","T2T 2T","Combined TCS+MTC","19.99","1.00","0","0","0","0","0","0","0","0","-1.00","-2.00","-7.13","0","0","10.86"
"Dec 5, 2025 4:00:39 p.m. PST","25029731531","Refund","702-5447078-2054657","WNCA-D33-22-6","Lusait Wireless Strapless Bra for Women Silicone Removable Padded Bra Comfort Bandeau Tube Top Bra Black+Black 2XL","1","amazon.ca","Amazon","Maple","Ontario","L6A 3X","Combined TCS+MTC","-19.99","-2.60","0","0","0","0","0","0","0","0","2.60","1.60","0","0","0","-18.39"
"Dec 5, 2025 8:24:12 p.m. PST","25029731531","Fulfilment by Amazon customer return fee","702-0416837-3444209","X00430JSP7","FBA Customer Return Per Unit Fee (Clothing & Shoes)","","Amazon.ca","","","","","","0","0","0","0","0","0","0","0","0","0","0","0","-4.92","0","0","-4.92"
"Dec 5, 2025 11:07:37 p.m. PST","25029731531","Order","701-7369978-1270621","WNCA-D33-5-5","Lusait Wireless Strapless Bra for Women Silicone Removable Padded Bra Comfort Bandeau Tube Top Bra Beige XL","1","amazon.ca","Amazon","Fort McMurray","Alberta","T9K 0J","Combined TCS+MTC","19.99","1.00","0","0","0","0","0","0","0","0","-1.00","-2.00","-7.13","0","0","10.86"
"Dec 6, 2025 2:25:33 a.m. PST","25029731531","Service Fee","","","Subscription","","Amazon.ca","","","","","","0","0","0","0","0","0","0","0","0","0","0","0","0","0","-19.51","-19.51"
"Dec 6, 2025 4:54:52 a.m. PST","25029731531","Order","702-5447078-2054657","WNCA-D33-22-6","Lusait Wireless Strapless Bra for Women Silicone Removable Padded Bra Comfort Bandeau Tube Top Bra Black+Black 2XL","1","amazon.ca","Amazon","Maple","Ontario","L6A 3X","Combined TCS+MTC","19.99","2.60","0","0","0","0","0","0","0","0","-2.60","-2.00","-7.13","0","0","10.86"
"Dec 6, 2025 7:47:48 a.m. PST","25029731531","Refund","702-0416837-3444209","WNCA-D33-22-6","Lusait Wireless Strapless Bra for Women Silicone Removable Padded Bra Comfort Bandeau Tube Top Bra Black+Black 2XL","1","amazon.ca","Amazon","West Montrose","Ontario","N0B 2V","Combined TCS+MTC","-19.99","-2.60","0","0","0","0","0","0","0","0","2.60","1.60","0","0","0","-18.39"
"Dec 6, 2025 8:59:32 a.m. PST","25029731531","Order","702-0416837-3444209","WNCA-D33-22-6","Lusait Wireless Strapless Bra for Women Silicone Removable Padded Bra Comfort Bandeau Tube Top Bra Black+Black 2XL","1","amazon.ca","Amazon","West Montrose","Ontario","N0B 2V","Combined TCS+MTC","19.99","2.60","0","0","0","0","0","0","0","0","-2.60","-2.00","-7.13","0","0","10.86"
"Dec 7, 2025 12:25:16 a.m. PST","25029731531","Order","702-7219242-0542662","WNCA-D33-6-3","Lusait Wireless Strapless Bra for Women Silicone Removable Padded Bra Comfort Bandeau Tube Top Bra White M","1","amazon.ca","Amazon","Surrey","British Columbia","V3T 2P","Combined TCS+MTC","19.99","2.40","0","0","0","0","0","0","0","0","-2.40","-2.00","-6.74","0","0","11.25"
"Dec 7, 2025 7:39:42 a.m. PST","25029731531","Fulfilment by Amazon customer return fee","701-1461205-5112257","X00430ZYY1","FBA Customer Return Per Unit Fee (Clothing & Shoes)","","Amazon.ca","","","","","","0","0","0","0","0","0","0","0","0","0","0","0","-4.57","0","0","-4.57"
"Dec 7, 2025 6:47:14 p.m. PST","25029731531","FBA Inventory Fee","","","FBA storage fee","","Amazon.ca","","","","","","0","0","0","0","0","0","0","0","0","0","0","0","0","0","-47.60","-47.60"
"Dec 9, 2025 3:58:15 a.m. PST","25136980241","Transfer","","","To account ending with: 127","","","","","","","","0","0","0","0","0","0","0","0","0","0","0","0","0","0","-131.42","-131.42"
"Dec 9, 2025 3:26:59 p.m. PST","25136980241","Fulfilment by Amazon customer return fee","702-7861412-7928246","X003R2BU03","FBA Customer Return Per Unit Fee (Clothing & Shoes)","","Amazon.ca","","","","","","0","0","0","0","0","0","0","0","0","0","0","0","-5.15","0","0","-5.15"
"Dec 10, 2025 1:42:49 a.m. PST","25136980241","Fulfilment by Amazon customer return fee","701-7377360-1376261","B0BYM98WB9","FBA Customer Return Per Unit Fee (Clothing & Shoes)","","Amazon.ca","","","","","","0","0","0","0","0","0","0","0","0","0","0","0","-4.87","0","0","-4.87"
"Dec 10, 2025 4:10:30 a.m. PST","25136980241","Order","702-7757942-4569801","WNCA-D33-22-3","Lusait Wireless Strapless Bra for Women Silicone Removable Padded Bra Comfort Bandeau Tube Top Bra Black+Black M","1","amazon.ca","Amazon","Whitby","Ontario","L1N 9T","Combined TCS+MTC","19.99","2.60","0","0","0","0","0","0","0","0","-2.60","-2.00","-7.13","0","0","10.86"
"Dec 10, 2025 5:09:49 a.m. PST","25136980241","Fulfilment by Amazon customer return fee","702-5447078-2054657","X00430JSP7","FBA Customer Return Per Unit Fee (Clothing & Shoes)","","Amazon.ca","","","","","","0","0","0","0","0","0","0","0","0","0","0","0","-4.92","0","0","-4.92"
"Dec 10, 2025 3:34:52 p.m. PST","25136980241","Order","702-0323836-1154668","WNCA-D33-5-4","Lusait Wireless Strapless Bra for Women Silicone Removable Padded Bra Comfort Bandeau Tube Top Bra Beige L","1","amazon.ca","Amazon","Orangeville","Ontario","L9W 2C","Combined TCS+MTC","19.99","2.60","0","0","0","0","0","0","0","0","-2.60","-2.00","-7.13","0","0","10.86"
"Dec 11, 2025 4:11:33 a.m. PST","25136980241","Adjustment","","WNCA-D33-6-6","FBA Inventory Reimbursement - Damaged:Warehouse","1","","","","","","","0","0","0","0","0","0","0","0","0","0","0","0","0","0","5.80","5.80"
"Dec 11, 2025 4:38:04 p.m. PST","25136980241","FBA Inventory Fee","gBqpYF6KGK","","Fulfilment by Amazon removal order: disposal fee","","Amazon.ca","","","","","","0","0","0","0","0","0","0","0","0","0","0","0","0","0","-0.36","-0.36"
"Dec 11, 2025 6:15:06 p.m. PST","25136980241","FBA Inventory Fee","zkY3QTl2xP","","Fulfilment by Amazon removal order: disposal fee","","Amazon.ca","","","","","","0","0","0","0","0","0","0","0","0","0","0","0","0","0","-0.36","-0.36"
"Dec 11, 2025 10:58:08 p.m. PST","25136980241","Order","701-7671821-3947439","WNCA-D33-22-3","Lusait Wireless Strapless Bra for Women Silicone Removable Padded Bra Comfort Bandeau Tube Top Bra Black+Black M","1","amazon.ca","Amazon","Sherwood Park","Alberta","T8H 2A","Combined TCS+MTC","19.99","1.00","0","0","0","0","0","0","0","0","-1.00","-2.00","-7.13","0","0","10.86"
"Dec 12, 2025 2:27:40 a.m. PST","25136980241","Order","702-3009439-9249013","WNCA-D33-5-6","Lusait Wireless Strapless Bra for Women Silicone Removable Padded Bra Comfort Bandeau Tube Top Bra Beige 2XL","1","amazon.ca","Amazon","Cambridge","Ontario","N1H 2X","Combined TCS+MTC","19.99","2.60","0","0","0","0","0","0","0","0","-2.60","-2.00","-7.13","0","0","10.86"
"Dec 12, 2025 7:43:07 a.m. PST","25136980241","Order","701-9483465-5582644","WNCA-D33-7-2","Lusait Wireless Strapless Bra for Women Silicone Removable Tube Top Bra Comfort Bandeau Padded Bra Brown S","1","amazon.ca","Amazon","Oshawa","Ontario","L1G 8A","Combined TCS+MTC","19.99","2.60","0","0","0","0","0","0","0","0","-2.60","-2.00","-7.13","0","0","10.86"
"Dec 12, 2025 9:48:26 a.m. PST","25136980241","FBA Inventory Fee","702-7861412-7928246","","Fulfilment by Amazon removal order: disposal fee","","Amazon.ca","","","","","","0","0","0","0","0","0","0","0","0","0","0","0","0","0","-0.36","-0.36"
"Dec 13, 2025 3:14:03 a.m. PST","25136980241","Order","701-8851385-4609068","WNCA-D33-22-3","Lusait Wireless Strapless Bra for Women Silicone Removable Padded Bra Comfort Bandeau Tube Top Bra Black+Black M","1","amazon.ca","Amazon","Charters Settlement","New Brunswick","E3C 0G","Combined TCS+MTC","19.99","3.00","0","0","0","0","0","0","0","0","-3.00","-2.00","-7.13","0","0","10.86"
"Dec 13, 2025 1:28:25 p.m. PST","25136980241","Refund","702-2819588-4645067","WNCA-D33-22-4","Lusait Wireless Strapless Bra for Women Silicone Removable Padded Bra Comfort Bandeau Tube Top Bra Black+Black L","1","amazon.ca","Amazon","Saint-Jean-Sur-Richelieu","Quebec","J3A 1K","Combined TCS+MTC","-19.99","-2.99","0","0","0","0","0","0","0","0","2.99","1.60","0","0","0","-18.39"
"Dec 14, 2025 3:47:17 a.m. PST","25136980241","Order","702-2819588-4645067","WNCA-D33-22-4","Lusait Wireless Strapless Bra for Women Silicone Removable Padded Bra Comfort Bandeau Tube Top Bra Black+Black L","1","amazon.ca","Amazon","Saint-Jean-Sur-Richelieu","Quebec","J3A 1K","Combined TCS+MTC","19.99","2.99","0","0","0","0","0","0","0","0","-2.99","-2.00","-7.13","0","0","10.86"
"Dec 14, 2025 9:50:25 a.m. PST","25136980241","Order","702-0598085-5449022","Amazon.Found.B0BYM98WB9","Lusait Wireless Strapless Bra for Women Silicone Removable Padded Bra Comfort Bandeau Tube Top Bra Black M","1","amazon.ca","Amazon","Varennes","Quebec","J3X 1Y","Combined TCS+MTC","19.99","2.99","0","0","0","0","0","0","0","0","-2.99","-2.00","-7.13","0","0","10.86"
"Dec 14, 2025 11:06:12 a.m. PST","25136980241","Refund","701-2318135-8661864","WNCA-D33-22-5","Lusait Wireless Strapless Bra for Women Silicone Removable Padded Bra Comfort Bandeau Tube Top Bra Black+Black XL","1","amazon.ca","Amazon","Oshawa","Ontario","L1K 2R","Combined TCS+MTC","-19.99","-2.60","0","0","0","0","0","0","0","0","2.60","1.60","0","0","0","-18.39"
"Dec 14, 2025 10:33:04 p.m. PST","25136980241","Order","701-8847310-5785016","WNCA-D33-2-2","Lusait Wireless Strapless Bra for Women Silicone Removable Padded Bra Comfort Bandeau Tube Top Bra Black S","1","amazon.ca","Amazon","Ottawa","Ontario","K1R 0E","Combined TCS+MTC","19.99","2.60","0","0","0","0","0","0","0","0","-2.60","-2.00","-6.74","0","0","11.25"
"Dec 14, 2025 11:41:39 p.m. PST","25136980241","Order","702-9408237-6479429","WNCA-D33-5-4","Lusait Wireless Strapless Bra for Women Silicone Removable Padded Bra Comfort Bandeau Tube Top Bra Beige L","1","amazon.ca","Amazon","Grand-Barachois","New Brunswick","E4P 6X","Combined TCS+MTC","19.99","3.00","0","0","0","0","0","0","0","0","-3.00","-2.00","-7.13","0","0","10.86"
"Dec 15, 2025 8:40:49 p.m. PST","25136980241","Refund","701-4939554-2575416","WNCA-D33-6-6","Lusait Wireless Strapless Bra for Women Silicone Removable Padded Bra Comfort Bandeau Tube Top Bra White 2XL","1","amazon.ca","Amazon","Cardston","Alberta","T0K 0K","Combined TCS+MTC","-19.99","-1.00","0","0","0","0","0","0","0","0","1.00","1.60","0","0","0","-18.39"
"Dec 16, 2025 12:32:44 a.m. PST","25136980241","Fulfilment by Amazon customer return fee","701-2318135-8661864","X004308G2X","FBA Customer Return Per Unit Fee (Clothing & Shoes)","","Amazon.ca","","","","","","0","0","0","0","0","0","0","0","0","0","0","0","-4.92","0","0","-4.92"
"Dec 16, 2025 12:36:03 a.m. PST","25136980241","Refund","702-4527487-2304229","WNCA-D33-2-3","Lusait Wireless Strapless Bra for Women Silicone Removable Padded Bra Comfort Bandeau Tube Top Bra Black M","1","amazon.ca","Amazon","Surrey","British Columbia","V3W 1H","Combined TCS+MTC","-19.99","-2.40","0","0","0","0","0","0","0","0","2.40","1.60","0","0","0","-18.39"
"Dec 16, 2025 5:08:25 a.m. PST","25136980241","Order","702-5227861-9615433","WNCA-D33-22-4","Lusait Wireless Strapless Bra for Women Silicone Removable Padded Bra Comfort Bandeau Tube Top Bra Black+Black L","1","amazon.ca","Amazon","Grimsby","Ontario","L3M 4R","Combined TCS+MTC","19.99","2.60","0","0","0","0","0","0","0","0","-2.60","-2.00","-7.13","0","0","10.86"
"Dec 16, 2025 5:16:11 a.m. PST","25136980241","Order","702-2582646-5740220","WNCA-D33-25-2","Lusait Wireless Strapless Bra for Women Silicone Removable Padded Bra Comfort Bandeau Tube Top Bra Black+Beige S","1","amazon.ca","Amazon","Ottawa","Ontario","K2P 0G","Combined TCS+MTC","32.99","4.29","0","0","0","0","0","0","0","0","-4.29","-5.61","-7.13","0","0","20.25"
"Dec 16, 2025 7:57:55 a.m. PST","25136980241","Order","702-4527487-2304229","WNCA-D33-2-3","Lusait Wireless Strapless Bra for Women Silicone Removable Padded Bra Comfort Bandeau Tube Top Bra Black M","1","amazon.ca","Amazon","Surrey","British Columbia","V3W 1H","Combined TCS+MTC","19.99","2.40","0","0","0","0","0","0","0","0","-2.40","-2.00","-7.13","0","0","10.86"
"Dec 16, 2025 4:13:04 p.m. PST","25136980241","Adjustment","","WNCA-D33-5-6","FBA Inventory Reimbursement - General Adjustment","1","","","","","","","0","0","0","0","0","0","0","0","0","0","0","0","0","0","-11.26","-11.26"
"Dec 16, 2025 5:39:59 p.m. PST","25136980241","Refund","702-0323836-1154668","WNCA-D33-5-4","Lusait Wireless Strapless Bra for Women Silicone Removable Padded Bra Comfort Bandeau Tube Top Bra Beige L","1","amazon.ca","Amazon","Orangeville","Ontario","L9W 2C","Combined TCS+MTC","-19.99","-2.60","0","0","0","0","0","0","0","0","2.60","1.60","0","0","0","-18.39"
"Dec 16, 2025 6:34:47 p.m. PST","25136980241","Refund","702-7219242-0542662","WNCA-D33-6-3","Lusait Wireless Strapless Bra for Women Silicone Removable Padded Bra Comfort Bandeau Tube Top Bra White M","1","amazon.ca","Amazon","Surrey","British Columbia","V3T 2P","Combined TCS+MTC","-19.99","-2.40","0","0","0","0","0","0","0","0","2.40","1.60","0","0","0","-18.39"
"Dec 16, 2025 11:22:28 p.m. PST","25136980241","Refund","702-4944304-4689823","WNCA-D33-2-6","Lusait Wireless Strapless Bra for Women Silicone Removable Padded Bra Comfort Bandeau Tube Top Bra Black 2XL","1","amazon.ca","Amazon","Saint-Jean-Sur-Richelieu","Quebec","J3A 1K","Combined TCS+MTC","-19.99","-2.99","0","0","0","0","0","0","0","0","2.99","1.60","0","0","0","-18.39"
"Dec 17, 2025 1:56:31 a.m. PST","25136980241","Order","702-4944304-4689823","WNCA-D33-2-6","Lusait Wireless Strapless Bra for Women Silicone Removable Padded Bra Comfort Bandeau Tube Top Bra Black 2XL","1","amazon.ca","Amazon","Saint-Jean-Sur-Richelieu","Quebec","J3A 1K","Combined TCS+MTC","19.99","2.99","0","0","0","0","0","0","0","0","-2.99","-2.00","-7.13","0","0","10.86"
"Dec 17, 2025 3:24:28 a.m. PST","25136980241","Refund","702-7922957-1154626","WNCA-D33-2-3","Lusait Wireless Strapless Bra for Women Silicone Removable Padded Bra Comfort Bandeau Tube Top Bra Black M","1","amazon.ca","Amazon","St Catharines","Ontario","L2S 3R","Combined TCS+MTC","-19.99","-2.60","0","0","0","0","0","0","0","0","2.60","1.60","0","0","0","-18.39"
"Dec 17, 2025 5:45:18 a.m. PST","25136980241","Order","702-7922957-1154626","WNCA-D33-2-3","Lusait Wireless Strapless Bra for Women Silicone Removable Padded Bra Comfort Bandeau Tube Top Bra Black M","1","amazon.ca","Amazon","St Catharines","Ontario","L2S 3R","Combined TCS+MTC","19.99","2.60","0","0","0","0","0","0","0","0","-2.60","-2.00","-7.13","0","0","10.86"
"Dec 17, 2025 5:31:39 p.m. PST","25136980241","Order","702-0318281-7053054","WNCA-D33-22-3","Lusait Wireless Strapless Bra for Women Silicone Removable Padded Bra Comfort Bandeau Tube Top Bra Black+Black M","1","amazon.ca","Amazon","coquitlam","British Columbia","V3K 3H","Combined TCS+MTC","19.99","2.40","0","0","0","0","0","0","0","0","-2.40","-2.00","-7.13","0","0","10.86"
"Dec 17, 2025 9:11:42 p.m. PST","25136980241","Order","702-5516705-1573835","WNCA-D33-2-4","Lusait Wireless Strapless Bra for Women Silicone Removable Padded Bra Comfort Bandeau Tube Top Bra Black L","1","amazon.ca","Amazon","Sainte-Anne-Des-Plaines","Quebec","J5N 3X","Combined TCS+MTC","15.99","2.39","0","0","0","0","0","0","0","0","-2.39","-1.60","-7.13","0","0","7.26"
"Dec 17, 2025 11:43:06 p.m. PST","25136980241","Fulfilment by Amazon customer return fee","702-2819588-4645067","X004308FZV","FBA Customer Return Per Unit Fee (Clothing & Shoes)","","Amazon.ca","","","","","","0","0","0","0","0","0","0","0","0","0","0","0","-4.92","0","0","-4.92"
"Dec 18, 2025 12:27:30 p.m. PST","25136980241","Order","702-0374478-2204260","WNCA-D33-2-3","Lusait Wireless Strapless Bra for Women Silicone Removable Padded Bra Comfort Bandeau Tube Top Bra Black M","1","amazon.ca","Amazon","Calgary","ALBERTA","T3J 3J","Combined TCS+MTC","19.99","1.00","0","0","0","0","0","0","0","0","-1.00","-2.00","-7.13","0","0","10.86"
"Dec 18, 2025 8:01:33 p.m. PST","25136980241","Fulfilment by Amazon customer return fee","702-4846124-0297042","X003RUT04X","FBA Customer Return Per Unit Fee (Clothing & Shoes)","","Amazon.ca","","","","","","0","0","0","0","0","0","0","0","0","0","0","0","-4.92","0","0","-4.92"
"Dec 18, 2025 11:46:09 p.m. PST","25136980241","Fulfilment by Amazon customer return fee","702-0323836-1154668","X003R2D0U1","FBA Customer Return Per Unit Fee (Clothing & Shoes)","","Amazon.ca","","","","","","0","0","0","0","0","0","0","0","0","0","0","0","-4.92","0","0","-4.92"
"Dec 19, 2025 4:44:52 a.m. PST","25136980241","Order","702-2937914-0269832","WNCA-D33-25-2","Lusait Wireless Strapless Bra for Women Silicone Removable Padded Bra Comfort Bandeau Tube Top Bra Black+Beige S","1","amazon.ca","Amazon","London","Ontario","N6G 5J","Combined TCS+MTC","32.99","4.29","0","0","0","0","0","0","0","0","-4.29","-5.61","-7.13","0","0","20.25"
"Dec 19, 2025 4:59:04 a.m. PST","25136980241","FBA Inventory Fee","","","FBA Long-Term Storage Fee","","Amazon.ca","","","","","","0","0","0","0","0","0","0","0","0","0","0","0","0","0","-63.99","-63.99"
"Dec 19, 2025 6:05:36 a.m. PST","25136980241","Refund","702-4846124-0297042","WNCA-D33-25-3","Lusait Wireless Strapless Bra for Women Silicone Removable Padded Bra Comfort Bandeau Tube Top Bra Black+Beige M","1","amazon.ca","Amazon","Brampton","Ontario","L6S 4T","Combined TCS+MTC","-32.99","-4.29","-6.99","0","0","0","0","0","6.99","0","4.29","4.49","0","0","0","-28.50"
"Dec 19, 2025 6:22:20 a.m. PST","25136980241","Order","702-4846124-0297042","WNCA-D33-25-3","Lusait Wireless Strapless Bra for Women Silicone Removable Padded Bra Comfort Bandeau Tube Top Bra Black+Beige M","1","amazon.ca","Amazon","Brampton","Ontario","L6S 4T","Combined TCS+MTC","32.99","4.29","6.99","0","0","0","0","0","-6.99","0","-4.29","-5.61","-7.13","0","0","20.25"
"Dec 19, 2025 10:39:28 a.m. PST","25136980241","FBA Inventory Fee","702-0323836-1154668","","Fulfilment by Amazon removal order: disposal fee","","Amazon.ca","","","","","","0","0","0","0","0","0","0","0","0","0","0","0","0","0","-0.36","-0.36"
"Dec 19, 2025 4:34:14 p.m. PST","25136980241","Order","702-5654320-9767439","WNCA-D33-25-2","Lusait Wireless Strapless Bra for Women Silicone Removable Padded Bra Comfort Bandeau Tube Top Bra Black+Beige S","1","amazon.ca","Amazon","High Prairie","Alberta","T0G 1E","Combined TCS+MTC","32.99","1.65","0","0","0","0","0","0","0","0","-1.65","-5.61","-7.13","0","0","20.25"
"Dec 20, 2025 8:25:40 a.m. PST","25136980241","Fulfilment by Amazon customer return fee","702-4551858-5822654","X00430ZYY1","FBA Customer Return Per Unit Fee (Clothing & Shoes)","","Amazon.ca","","","","","","0","0","0","0","0","0","0","0","0","0","0","0","-4.92","0","0","-4.92"
"Dec 20, 2025 11:27:10 p.m. PST","25136980241","Fulfilment by Amazon customer return fee","701-4830978-8400224","X003R2BW1Z","FBA Customer Return Per Unit Fee (Clothing & Shoes)","","Amazon.ca","","","","","","0","0","0","0","0","0","0","0","0","0","0","0","-4.92","0","0","-4.92"
"Dec 20, 2025 11:50:19 p.m. PST","25136980241","Fulfilment by Amazon customer return fee","702-4944304-4689823","X00430JSOX","FBA Customer Return Per Unit Fee (Clothing & Shoes)","","Amazon.ca","","","","","","0","0","0","0","0","0","0","0","0","0","0","0","-4.92","0","0","-4.92"
"Dec 21, 2025 1:32:46 a.m. PST","25136980241","Refund","701-4830978-8400224","WNCA-D33-5-5","Lusait Wireless Strapless Bra for Women Silicone Removable Padded Bra Comfort Bandeau Tube Top Bra Beige XL","1","amazon.ca","Amazon","North York","Ontario","M9M 0G","Combined TCS+MTC","-19.99","-2.60","0","0","0","0","0","0","0","0","2.60","1.60","0","0","0","-18.39"
"Dec 21, 2025 10:59:26 p.m. PST","25136980241","Order","702-4551858-5822654","WNCA-D33-7-2","Lusait Wireless Strapless Bra for Women Silicone Removable Tube Top Bra Comfort Bandeau Padded Bra Brown S","1","amazon.ca","Amazon","Mississauga","Ontario","L5N 2A","Combined TCS+MTC","19.99","2.60","0","0","0","0","0","0","0","0","-2.60","-2.00","-7.13","0","0","10.86"
"Dec 21, 2025 11:32:00 p.m. PST","25136980241","Fulfilment by Amazon customer return fee","702-7922957-1154626","X003R2D0UV","FBA Customer Return Per Unit Fee (Clothing & Shoes)","","Amazon.ca","","","","","","0","0","0","0","0","0","0","0","0","0","0","0","-4.92","0","0","-4.92"
"Dec 22, 2025 4:15:33 a.m. PST","25239844821","Debt","","","amzn1.cam.v1.sgid.25136980241","","","","","","","","0","0","0","0","0","0","0","0","0","0","0","0","0","0","45.93","45.93"
"Dec 22, 2025 7:53:22 a.m. PST","25239844821","Refund","702-4551858-5822654","WNCA-D33-7-2","Lusait Wireless Strapless Bra for Women Silicone Removable Tube Top Bra Comfort Bandeau Padded Bra Brown S","1","amazon.ca","Amazon","Mississauga","Ontario","L5N 2A","Combined TCS+MTC","-19.99","-2.60","0","0","0","0","0","0","0","0","2.60","1.60","0","0","0","-18.39"
"Dec 22, 2025 9:24:49 p.m. PST","25239844821","Order","702-7429599-8565868","WNCA-D33-2-3","Lusait Wireless Strapless Bra for Women Silicone Removable Padded Bra Comfort Bandeau Tube Top Bra Black M","1","amazon.ca","Amazon","Edmonton","Alberta","T5Z 0E","Combined TCS+MTC","19.99","1.00","0","0","0","0","0","0","0","0","-1.00","-2.00","-7.13","0","0","10.86"
"Dec 23, 2025 11:45:05 p.m. PST","25239844821","Order","702-5497162-0302632","WNCA-D33-25-5","Lusait Wireless Strapless Bra for Women Silicone Removable Padded Bra Comfort Bandeau Tube Top Bra Black+Beige XL","1","amazon.ca","Amazon","Quebec","Quebec","G2K 0K","Combined TCS+MTC","32.99","4.94","0","0","0","0","0","0","0","0","-4.94","-5.61","-7.84","0","0","19.54"
"Dec 24, 2025 3:39:10 a.m. PST","25239844821","Order","702-3110898-2093808","WNCA-D33-5-4","Lusait Wireless Strapless Bra for Women Silicone Removable Padded Bra Comfort Bandeau Tube Top Bra Beige L","1","amazon.ca","Amazon","Toronto","Ontario","M4Y 2W","Combined TCS+MTC","19.99","2.60","0","0","0","0","0","0","0","0","-2.60","-2.00","-7.13","0","0","10.86"
"Dec 24, 2025 7:02:02 a.m. PST","25239844821","Order","702-2568309-5885861","WNCA-D33-5-5","Lusait Wireless Strapless Bra for Women Silicone Removable Padded Bra Comfort Bandeau Tube Top Bra Beige XL","1","amazon.ca","Amazon","Burlington","Ontario","L7M 0E","Combined TCS+MTC","19.99","2.60","0","0","0","0","0","0","0","0","-2.60","-2.00","-7.13","0","0","10.86"
"Dec 24, 2025 7:51:24 a.m. PST","25239844821","Fulfilment by Amazon customer return fee","701-4939554-2575416","X004308G2D","FBA Customer Return Per Unit Fee (Clothing & Shoes)","","Amazon.ca","","","","","","0","0","0","0","0","0","0","0","0","0","0","0","-4.57","0","0","-4.57"
"Dec 24, 2025 10:08:38 p.m. PST","25239844821","Order","702-4511901-7737839","WNCA-D33-7-2","Lusait Wireless Strapless Bra for Women Silicone Removable Tube Top Bra Comfort Bandeau Padded Bra Brown S","1","amazon.ca","Amazon","Calgary","Alberta","T3B 5Z","Combined TCS+MTC","19.99","1.00","0","0","0","0","0","0","0","0","-1.00","-2.00","-7.13","0","0","10.86"
"Dec 25, 2025 12:21:13 a.m. PST","25239844821","Order","702-0765727-9957002","Amazon.Found.B0BYM98WB9","Lusait Wireless Strapless Bra for Women Silicone Removable Padded Bra Comfort Bandeau Tube Top Bra Black M","1","amazon.ca","Amazon","Barrie","Ontario","L4N 3L","Combined TCS+MTC","19.99","2.60","0","0","0","0","0","0","0","0","-2.60","-2.00","-7.63","0","0","10.36"
"Dec 26, 2025 4:01:02 a.m. PST","25239844821","Order","701-3920739-3681817","WNCA-D33-22-2","Lusait Wireless Strapless Bra for Women Silicone Removable Padded Bra Comfort Bandeau Tube Top Bra Black+Black S","1","amazon.ca","Amazon","Oakville","Ontario","L6M 1H","Combined TCS+MTC","19.99","2.60","0","0","0","0","0","0","0","0","-2.60","-2.00","-7.13","0","0","10.86"
"Dec 26, 2025 6:09:04 a.m. PST","25239844821","Order","701-3256376-2569868","WNCA-D33-25-4","Lusait Wireless Strapless Bra for Women Silicone Removable Padded Bra Comfort Bandeau Tube Top Bra Black+Beige L","1","amazon.ca","Amazon","Carp","Ontario","K0A 1L","Combined TCS+MTC","19.99","2.60","0","0","0","0","0","0","0","0","-2.60","-2.00","-7.65","0","0","10.34"
"Dec 26, 2025 4:08:42 p.m. PST","25239844821","Order","702-9788335-4185012","WNCA-D33-2-3","Lusait Wireless Strapless Bra for Women Silicone Removable Padded Bra Comfort Bandeau Tube Top Bra Black M","1","amazon.ca","Amazon","Surrey","British Columbia","V3W 1H","Combined TCS+MTC","19.99","2.40","0","0","0","0","0","0","0","0","-2.40","-2.00","-7.13","0","0","10.86"
"Dec 27, 2025 12:39:07 a.m. PST","25239844821","Refund","702-6449938-6649058","WNCA-D33-22-3","Lusait Wireless Strapless Bra for Women Silicone Removable Padded Bra Comfort Bandeau Tube Top Bra Black+Black M","1","amazon.ca","Amazon","Oakville","Ontario","L6L 1P","Combined TCS+MTC","-19.99","-2.60","0","0","0","0","0","0","0","0","2.60","1.60","0","0","0","-18.39"
"Dec 27, 2025 7:15:16 a.m. PST","25239844821","Order","702-6449938-6649058","WNCA-D33-22-3","Lusait Wireless Strapless Bra for Women Silicone Removable Padded Bra Comfort Bandeau Tube Top Bra Black+Black M","1","amazon.ca","Amazon","Oakville","Ontario","L6L 1P","Combined TCS+MTC","19.99","2.60","0","0","0","0","0","0","0","0","-2.60","-2.00","-7.13","0","0","10.86"
"Dec 27, 2025 8:42:10 a.m. PST","25239844821","Fulfilment by Amazon customer return fee","702-6449938-6649058","X00430JSFH","FBA Customer Return Per Unit Fee (Clothing & Shoes)","","Amazon.ca","","","","","","0","0","0","0","0","0","0","0","0","0","0","0","-4.92","0","0","-4.92"
"Dec 27, 2025 1:12:04 p.m. PST","25239844821","FBA Inventory Fee","702-6449938-6649058","","Fulfilment by Amazon removal order: disposal fee","","Amazon.ca","","","","","","0","0","0","0","0","0","0","0","0","0","0","0","0","0","-0.36","-0.36"
"Dec 28, 2025 2:35:05 a.m. PST","25239844821","Order","701-7007087-9808263","WNCA-D33-22-3","Lusait Wireless Strapless Bra for Women Silicone Removable Padded Bra Comfort Bandeau Tube Top Bra Black+Black M","1","amazon.ca","Amazon","Esquimalt","British Columbia","V9A 5J","Combined TCS+MTC","19.99","2.40","0","0","0","0","0","0","0","0","-2.40","-2.00","-7.13","0","0","10.86"
"Dec 28, 2025 2:51:01 a.m. PST","25239844821","Order","701-0855291-4677032","WNCA-D33-5-5","Lusait Wireless Strapless Bra for Women Silicone Removable Padded Bra Comfort Bandeau Tube Top Bra Beige XL","1","amazon.ca","Amazon","Bromont","Quebec","J2L 3B","Combined TCS+MTC","19.99","2.99","0","0","0","0","0","0","0","0","-2.99","-2.00","-7.13","0","0","10.86"
"Dec 28, 2025 8:28:37 a.m. PST","25239844821","Order","701-1408190-1421037","WNCA-D33-7-5","Lusait Wireless Strapless Bra for Women Silicone Removable Padded Bra Comfort Bandeau Tube Top Bra Brown XL","1","amazon.ca","Amazon","Ottawa","Ontario","K2M 2L","Combined TCS+MTC","19.99","2.60","0","0","0","0","0","0","0","0","-2.60","-2.00","-7.13","0","0","10.86"
"Dec 29, 2025 5:34:43 a.m. PST","25239844821","Order","701-1440861-7431452","WNCA-D33-7-5","Lusait Wireless Strapless Bra for Women Silicone Removable Padded Bra Comfort Bandeau Tube Top Bra Brown XL","1","amazon.ca","Amazon","Humboldt","Saskatchewan","S0K2A","Combined TCS+MTC","19.99","2.20","0","0","0","0","0","0","0","0","-2.20","-2.00","-7.63","0","0","10.36"
"Dec 29, 2025 5:42:43 a.m. PST","25239844821","Order","701-9283589-2231453","WNCA-D33-25-5","Lusait Wireless Strapless Bra for Women Silicone Removable Padded Bra Comfort Bandeau Tube Top Bra Black+Beige XL","1","amazon.ca","Amazon","Humboldt","Saskatchewan","S0K2A","Combined TCS+MTC","32.99","3.63","0","0","0","0","0","0","0","0","-3.63","-5.61","-7.84","0","0","19.54"
"Dec 29, 2025 10:03:58 a.m. PST","25239844821","Fulfilment by Amazon customer return fee","702-7219242-0542662","X003R2BVOX","FBA Customer Return Per Unit Fee (Clothing & Shoes)","","Amazon.ca","","","","","","0","0","0","0","0","0","0","0","0","0","0","0","-4.45","0","0","-4.45"
"Dec 30, 2025 1:13:33 a.m. PST","25239844821","Order","701-2273402-4310633","WNCA-D33-2-5","Lusait Wireless Strapless Bra for Women Silicone Removable Padded Bra Comfort Bandeau Tube Top Bra Black XL","1","amazon.ca","Amazon","Toronto","Ontario","M3J 1S","Combined TCS+MTC","19.99","2.60","0","0","0","0","0","0","0","0","-2.60","-2.00","-7.84","0","0","10.15"
"Dec 30, 2025 7:15:49 a.m. PST","25239844821","Order","702-8536200-4926603","WNCA-D33-25-3","Lusait Wireless Strapless Bra for Women Silicone Removable Padded Bra Comfort Bandeau Tube Top Bra Black+Beige M","1","amazon.ca","Amazon","Boucherville","Quebec","J4B 4M","Combined TCS+MTC","32.99","4.94","0","0","0","0","0","0","0","0","-4.94","-5.61","-7.13","0","0","20.25"
"Dec 31, 2025 2:55:04 a.m. PST","25239844821","Order","701-9868937-9269008","WNCA-D33-2-3","Lusait Wireless Strapless Bra for Women Silicone Removable Padded Bra Comfort Bandeau Tube Top Bra Black M","1","amazon.ca","Amazon","Grimsby","Ontario","L3M 2M","Combined TCS+MTC","19.99","2.60","0","0","0","0","0","0","0","0","-2.60","-2.00","-7.13","0","0","10.86"
"Dec 31, 2025 1:18:54 p.m. PST","25239844821","Order","701-3595651-0267437","WNCA-D33-25-4","Lusait Wireless Strapless Bra for Women Silicone Removable Padded Bra Comfort Bandeau Tube Top Bra Black+Beige L","1","amazon.ca","Amazon","Kitchener","Ontario","N2A 4B","Combined TCS+MTC","19.99","2.60","0","0","0","0","0","0","0","0","-2.60","-2.00","-7.65","0","0","10.34"
"Dec 31, 2025 8:22:40 p.m. PST","25239844821","FBA Inventory Fee","zjYh8w+wMZ","","Fulfilment by Amazon removal order: disposal fee","","Amazon.ca","","","","","","0","0","0","0","0","0","0","0","0","0","0","0","0","0","-0.36","-0.36"
